ReactionID	Reversible	FluxBound
r_1365	false	greaterEqual
r_1364	false	greaterEqual
r_1367	false	greaterEqual
r_1366	false	greaterEqual
r_1361	false	greaterEqual
r_1360	false	greaterEqual
r_1363	false	greaterEqual
r_1362	false	greaterEqual
r_2140	true	greaterEqual
r_2141	true	greaterEqual
r_2142	true	greaterEqual
r_2143	true	greaterEqual
r_1369	false	greaterEqual
r_1368	false	greaterEqual
r_2146	true	greaterEqual
r_2147	true	greaterEqual
r_2499	true	greaterEqual
r_3507	true	greaterEqual
r_3184	true	greaterEqual
r_2548	true	greaterEqual
r_2549	true	greaterEqual
r_2544	true	greaterEqual
r_2545	true	greaterEqual
r_2546	true	greaterEqual
r_2547	true	greaterEqual
r_2540	true	greaterEqual
r_2541	true	greaterEqual
r_2542	true	greaterEqual
r_2543	true	greaterEqual
r_1707	true	reversible
r_1706	true	greaterEqual
r_1705	true	greaterEqual
r_1704	true	reversible
r_1703	true	greaterEqual
r_1702	true	greaterEqual
r_1701	true	reversible
r_1700	true	reversible
r_2490	true	greaterEqual
r_1709	true	greaterEqual
r_1708	true	reversible
r_2491	true	greaterEqual
r_3183	true	greaterEqual
r_2144	true	greaterEqual
r_2145	true	greaterEqual
r_2494	true	greaterEqual
r_1968	true	greaterEqual
r_1967	true	greaterEqual
r_1966	true	reversible
r_1965	true	reversible
r_1964	true	reversible
r_1963	true	reversible
r_3701	true	reversible
r_3700	true	reversible
r_3703	true	reversible
r_3702	true	reversible
r_3705	true	reversible
r_3704	true	reversible
r_3707	true	reversible
r_3706	true	reversible
r_3709	true	reversible
r_3708	true	reversible
r_1563	true	greaterEqual
r_1562	true	reversible
r_1560	true	reversible
r_1567	true	reversible
r_1566	true	greaterEqual
r_1565	true	greaterEqual
r_1564	true	greaterEqual
r_1568	true	reversible
r_2509	true	greaterEqual
r_3764	true	reversible
r_2030	true	greaterEqual
r_2031	true	reversible
r_2032	true	reversible
r_2033	true	greaterEqual
r_2034	true	greaterEqual
r_2036	true	reversible
r_2037	true	reversible
r_2038	true	greaterEqual
r_2039	true	greaterEqual
r_3523	true	reversible
r_3522	true	reversible
r_3525	true	reversible
r_3524	true	reversible
r_3527	true	reversible
r_3526	true	reversible
r_2818	true	greaterEqual
r_2819	true	greaterEqual
r_2816	true	greaterEqual
r_2817	true	greaterEqual
r_2814	true	greaterEqual
r_2815	true	greaterEqual
r_2812	true	greaterEqual
r_2813	true	greaterEqual
r_2810	true	reversible
r_2811	true	reversible
r_3503	true	greaterEqual
r_3050	true	greaterEqual
r_3501	true	greaterEqual
r_2724	true	reversible
r_2725	true	reversible
r_2726	true	reversible
r_2727	true	reversible
r_2720	true	reversible
r_2721	true	reversible
r_2722	true	reversible
r_2723	true	reversible
r_3143	true	greaterEqual
r_3142	true	greaterEqual
r_3141	true	greaterEqual
r_3140	true	greaterEqual
r_2728	true	reversible
r_2729	true	reversible
r_3145	true	greaterEqual
r_3144	true	greaterEqual
r_3455	true	greaterEqual
r_3454	true	greaterEqual
r_3457	true	greaterEqual
r_3456	true	greaterEqual
r_3451	true	greaterEqual
r_3450	true	greaterEqual
r_3453	true	greaterEqual
r_3452	true	greaterEqual
r_3056	true	greaterEqual
r_3459	true	greaterEqual
r_3458	true	greaterEqual
r_2638	true	reversible
r_0849	true	greaterEqual
r_0848	true	greaterEqual
r_0843	true	greaterEqual
r_0842	true	greaterEqual
r_0841	true	greaterEqual
r_2921	true	reversible
r_0847	true	greaterEqual
r_2927	true	reversible
r_0845	true	greaterEqual
r_0844	true	greaterEqual
r_3037	true	greaterEqual
r_3036	true	greaterEqual
r_3035	true	greaterEqual
r_3034	true	greaterEqual
r_2639	true	reversible
r_3032	true	greaterEqual
r_3031	true	greaterEqual
r_3030	true	greaterEqual
r_3039	true	greaterEqual
r_3038	true	greaterEqual
r_3529	true	reversible
r_3983	true	greaterEqual
r_3982	true	greaterEqual
r_0937	true	greaterEqual
r_0936	true	greaterEqual
r_0935	true	greaterEqual
r_3981	true	greaterEqual
r_3528	true	reversible
r_3980	true	greaterEqual
r_0939	true	greaterEqual
r_0938	true	greaterEqual
r_0447	true	reversible
r_0446	true	reversible
r_0445	true	greaterEqual
r_0443	true	greaterEqual
r_0442	true	greaterEqual
r_0441	true	greaterEqual
r_0440	true	greaterEqual
r_0557	true	greaterEqual
r_0449	true	greaterEqual
r_0448	true	greaterEqual
r_0556	true	greaterEqual
r_0718	true	greaterEqual
r_0717	true	greaterEqual
r_0716	true	greaterEqual
r_0715	true	reversible
r_0714	true	reversible
r_0713	true	reversible
r_0712	true	greaterEqual
r_0711	true	greaterEqual
r_0550	true	greaterEqual
r_3989	true	greaterEqual
r_3988	true	greaterEqual
r_3859	true	reversible
r_3858	true	reversible
r_3851	true	reversible
r_3850	true	reversible
r_3853	true	reversible
r_3852	true	reversible
r_3855	true	reversible
r_3854	true	reversible
r_3857	true	reversible
r_3856	true	reversible
r_0623	true	greaterEqual
r_0622	true	greaterEqual
r_0621	true	greaterEqual
r_0620	true	greaterEqual
r_0627	true	greaterEqual
r_0626	true	greaterEqual
r_0625	true	greaterEqual
r_0624	true	greaterEqual
r_0629	true	greaterEqual
r_0628	true	greaterEqual
r_1844	true	reversible
r_1845	true	reversible
r_2481	true	greaterEqual
r_1846	true	reversible
r_0159	true	greaterEqual
r_0158	true	greaterEqual
r_1847	true	greaterEqual
r_2478	true	greaterEqual
r_0151	true	greaterEqual
r_0150	true	reversible
r_0153	true	greaterEqual
r_0152	true	reversible
r_0155	true	greaterEqual
r_0154	true	greaterEqual
r_0157	true	greaterEqual
r_0156	true	greaterEqual
r_1842	true	reversible
r_2480	true	greaterEqual
r_1843	true	greaterEqual
r_2647	true	reversible
r_2479	true	greaterEqual
r_2646	true	reversible
r_2645	true	reversible
r_2316	true	greaterEqual
r_2630	true	reversible
r_2311	true	greaterEqual
r_2310	true	greaterEqual
r_2313	true	greaterEqual
r_2312	true	greaterEqual
r_3504	true	greaterEqual
r_2634	true	reversible
r_2631	true	reversible
r_3768	true	reversible
r_3521	true	reversible
r_2636	true	reversible
r_3520	true	reversible
r_3353	true	greaterEqual
r_2484	true	greaterEqual
r_2637	true	reversible
r_3374	true	greaterEqual
r_3375	true	greaterEqual
r_1178	true	greaterEqual
r_1179	true	greaterEqual
r_1170	true	reversible
r_1171	true	greaterEqual
r_1172	true	greaterEqual
r_1173	true	reversible
r_1174	true	greaterEqual
r_1175	true	greaterEqual
r_1176	true	reversible
r_1177	true	greaterEqual
r_2489	true	greaterEqual
r_2488	true	greaterEqual
r_1608	true	reversible
r_1357	false	greaterEqual
r_1358	false	greaterEqual
r_1359	false	greaterEqual
r_1604	true	greaterEqual
r_1605	true	reversible
r_2485	true	greaterEqual
r_1603	true	greaterEqual
r_1600	true	reversible
r_1601	true	reversible
r_2852	true	greaterEqual
r_2792	true	reversible
r_2965	true	reversible
r_2559	true	greaterEqual
r_2558	true	greaterEqual
r_2553	true	greaterEqual
r_2552	true	greaterEqual
r_2551	true	greaterEqual
r_2550	true	greaterEqual
r_2557	true	greaterEqual
r_2556	true	greaterEqual
r_2555	true	greaterEqual
r_2554	true	greaterEqual
r_1772	true	reversible
r_1770	true	reversible
r_1771	true	reversible
r_1776	true	reversible
r_1777	true	reversible
r_1774	true	reversible
r_1775	true	reversible
r_2850	true	greaterEqual
r_1919	true	greaterEqual
r_1912	true	greaterEqual
r_1913	true	greaterEqual
r_1910	true	reversible
r_1911	true	greaterEqual
r_1916	true	greaterEqual
r_1914	true	greaterEqual
r_1915	true	greaterEqual
r_3738	true	reversible
r_3739	true	reversible
r_2598	true	greaterEqual
r_3734	true	reversible
r_3735	true	reversible
r_3736	true	reversible
r_3737	true	reversible
r_3730	true	reversible
r_3731	true	reversible
r_3732	true	reversible
r_3733	true	reversible
r_2157	true	greaterEqual
r_2156	true	greaterEqual
r_2155	true	greaterEqual
r_2154	true	greaterEqual
r_2153	true	greaterEqual
r_2152	true	greaterEqual
r_1598	true	greaterEqual
r_1599	true	reversible
r_1596	true	reversible
r_1597	true	reversible
r_1595	true	reversible
r_1590	true	reversible
r_1591	true	reversible
r_3284	true	greaterEqual
r_3285	true	greaterEqual
r_3286	true	greaterEqual
r_3287	true	greaterEqual
r_3280	true	greaterEqual
r_3281	true	greaterEqual
r_2029	true	greaterEqual
r_2028	true	greaterEqual
r_2027	true	greaterEqual
r_2026	true	greaterEqual
r_2025	true	greaterEqual
r_2024	true	greaterEqual
r_2023	true	reversible
r_2022	true	reversible
r_3355	true	greaterEqual
r_2020	true	greaterEqual
r_1826	true	reversible
r_1827	true	reversible
r_1824	true	reversible
r_1825	true	reversible
r_1822	true	greaterEqual
r_1823	true	greaterEqual
r_1820	true	greaterEqual
r_1821	true	greaterEqual
r_2805	true	reversible
r_2804	true	reversible
r_2807	true	reversible
r_2806	true	reversible
r_2801	true	reversible
r_2800	true	reversible
r_2803	true	reversible
r_1829	true	reversible
r_2733	true	reversible
r_2732	true	reversible
r_2731	true	reversible
r_2730	true	reversible
r_2737	true	reversible
r_2736	true	reversible
r_2735	true	reversible
r_2734	true	reversible
r_3600	true	reversible
r_3601	true	reversible
r_2739	true	reversible
r_2738	true	reversible
r_3604	true	reversible
r_3605	true	reversible
r_3606	true	reversible
r_3607	true	reversible
r_3460	true	greaterEqual
r_3461	true	greaterEqual
r_3462	true	greaterEqual
r_3463	true	greaterEqual
r_3464	true	greaterEqual
r_3465	true	greaterEqual
r_3466	true	greaterEqual
r_3467	true	greaterEqual
r_3468	true	greaterEqual
r_3469	true	greaterEqual
r_3803	true	reversible
r_3190	true	greaterEqual
r_3191	true	greaterEqual
r_3192	true	greaterEqual
r_3193	true	greaterEqual
r_3194	true	greaterEqual
r_3195	true	greaterEqual
r_3196	true	greaterEqual
r_3197	true	greaterEqual
r_3198	true	greaterEqual
r_3199	true	greaterEqual
r_2939	true	reversible
r_2938	true	reversible
r_2855	true	greaterEqual
r_3686	true	reversible
r_2931	true	reversible
r_2930	true	reversible
r_2933	true	reversible
r_2932	true	reversible
r_2935	true	reversible
r_2934	true	reversible
r_2937	true	reversible
r_2936	true	reversible
r_3042	true	greaterEqual
r_3043	true	greaterEqual
r_3040	true	greaterEqual
r_3041	true	greaterEqual
r_3046	true	greaterEqual
r_3047	true	greaterEqual
r_3044	true	greaterEqual
r_3045	true	greaterEqual
r_2594	true	greaterEqual
r_3049	true	greaterEqual
r_3518	true	reversible
r_3519	true	reversible
r_0890	true	reversible
r_0891	true	greaterEqual
r_0892	true	reversible
r_0893	true	reversible
r_2989	true	reversible
r_2213	true	reversible
r_0548	true	greaterEqual
r_0549	true	greaterEqual
r_0547	true	greaterEqual
r_0544	true	greaterEqual
r_0545	true	greaterEqual
r_0542	true	reversible
r_0543	true	greaterEqual
r_0540	true	greaterEqual
r_0541	true	greaterEqual
r_3998	true	greaterEqual
r_3999	true	greaterEqual
r_3990	true	greaterEqual
r_3991	true	greaterEqual
r_3992	true	greaterEqual
r_3993	true	greaterEqual
r_3994	true	greaterEqual
r_3995	true	greaterEqual
r_3996	true	reversible
r_3997	true	greaterEqual
r_0942	true	greaterEqual
r_0943	true	greaterEqual
r_0940	true	greaterEqual
r_0941	true	greaterEqual
r_0946	true	reversible
r_0947	true	reversible
r_0944	true	reversible
r_0945	true	reversible
r_0948	true	reversible
r_0949	true	reversible
r_0436	true	greaterEqual
r_0437	true	greaterEqual
r_0438	true	greaterEqual
r_0439	true	greaterEqual
r_0099	true	reversible
r_0768	true	greaterEqual
r_0769	true	reversible
r_0090	true	greaterEqual
r_0091	true	greaterEqual
r_0092	true	reversible
r_0761	true	greaterEqual
r_0766	true	greaterEqual
r_0767	true	greaterEqual
r_0096	true	greaterEqual
r_0097	true	greaterEqual
r_3182	true	greaterEqual
r_3865	true	reversible
r_3866	true	reversible
r_3867	true	reversible
r_3860	true	reversible
r_3861	true	reversible
r_3862	true	reversible
r_3863	true	reversible
r_3868	true	reversible
r_3869	true	reversible
r_1725	true	greaterEqual
r_1724	true	greaterEqual
r_2649	true	reversible
r_1727	true	greaterEqual
r_0164	true	greaterEqual
r_0165	true	greaterEqual
r_0166	true	greaterEqual
r_1094	true	greaterEqual
r_0160	true	greaterEqual
r_0161	true	greaterEqual
r_0162	true	greaterEqual
r_0163	true	greaterEqual
r_1093	true	greaterEqual
r_0168	true	greaterEqual
r_0169	true	greaterEqual
r_1092	true	greaterEqual
r_0366	true	reversible
r_0364	true	greaterEqual
r_0365	true	greaterEqual
r_0362	true	greaterEqual
r_1091	true	greaterEqual
r_0360	true	greaterEqual
r_0361	true	greaterEqual
r_2648	true	reversible
r_1722	true	greaterEqual
r_0368	true	greaterEqual
r_0369	true	greaterEqual
r_2890	true	reversible
r_2492	true	greaterEqual
r_2537	true	greaterEqual
r_2493	true	greaterEqual
r_2536	true	greaterEqual
r_3698	true	reversible
r_3149	true	greaterEqual
r_3148	true	greaterEqual
r_2531	true	greaterEqual
r_3226	true	greaterEqual
r_3638	true	reversible
r_3189	true	greaterEqual
r_3224	true	greaterEqual
r_3635	true	reversible
r_2644	true	reversible
r_2530	true	greaterEqual
r_3634	true	reversible
r_3273	true	greaterEqual
r_3228	true	greaterEqual
r_1167	true	greaterEqual
r_1166	true	greaterEqual
r_1165	true	greaterEqual
r_1164	true	reversible
r_1162	true	reversible
r_1161	true	reversible
r_3147	true	greaterEqual
r_1169	true	reversible
r_1168	true	reversible
r_2643	true	reversible
r_3778	true	reversible
r_3633	true	reversible
r_3543	true	reversible
r_3632	true	reversible
r_3931	true	reversible
r_1619	true	greaterEqual
r_1618	true	greaterEqual
r_3533	true	reversible
r_1615	true	greaterEqual
r_1614	true	greaterEqual
r_1617	true	greaterEqual
r_1616	true	greaterEqual
r_1611	true	reversible
r_1610	true	reversible
r_1613	true	greaterEqual
r_3779	true	reversible
r_2448	true	greaterEqual
r_2862	true	greaterEqual
r_3530	true	reversible
r_2641	true	reversible
r_1761	true	greaterEqual
r_1760	true	reversible
r_1763	true	reversible
r_1762	true	reversible
r_1765	true	greaterEqual
r_1764	true	greaterEqual
r_1766	true	reversible
r_2580	true	greaterEqual
r_2581	true	greaterEqual
r_2582	true	greaterEqual
r_2583	true	greaterEqual
r_2584	true	greaterEqual
r_2585	true	greaterEqual
r_2238	true	greaterEqual
r_2239	true	greaterEqual
r_2236	true	greaterEqual
r_2237	true	greaterEqual
r_2234	true	greaterEqual
r_2235	true	greaterEqual
r_2232	true	greaterEqual
r_2233	true	greaterEqual
r_2230	true	reversible
r_2231	true	reversible
r_1909	true	greaterEqual
r_1908	true	reversible
r_1901	true	reversible
r_1900	true	greaterEqual
r_1903	true	greaterEqual
r_1902	true	greaterEqual
r_1905	true	reversible
r_1904	true	greaterEqual
r_1907	true	reversible
r_1906	true	greaterEqual
r_3536	true	reversible
r_3729	true	reversible
r_3728	true	reversible
r_3723	true	reversible
r_3722	true	reversible
r_3721	true	reversible
r_3720	true	reversible
r_3727	true	reversible
r_3726	true	reversible
r_3725	true	reversible
r_3724	true	reversible
r_2599	true	greaterEqual
r_1589	true	greaterEqual
r_1588	true	reversible
r_2125	true	reversible
r_1585	true	reversible
r_1587	true	reversible
r_1586	true	greaterEqual
r_1581	true	greaterEqual
r_1580	true	greaterEqual
r_1583	true	reversible
r_1582	true	reversible
r_3293	true	greaterEqual
r_3292	true	greaterEqual
r_2058	true	greaterEqual
r_3290	true	greaterEqual
r_3297	true	greaterEqual
r_3296	true	greaterEqual
r_3295	true	greaterEqual
r_3294	true	greaterEqual
r_2052	true	greaterEqual
r_2053	true	reversible
r_2050	true	greaterEqual
r_2051	true	greaterEqual
r_2056	true	greaterEqual
r_2057	true	reversible
r_2054	true	reversible
r_2055	true	greaterEqual
r_1835	true	reversible
r_1834	true	greaterEqual
r_1837	true	greaterEqual
r_1836	true	reversible
r_1831	true	reversible
r_1830	true	reversible
r_1833	true	reversible
r_1832	true	reversible
r_2830	true	greaterEqual
r_2831	true	greaterEqual
r_2832	true	greaterEqual
r_2833	true	greaterEqual
r_1839	true	reversible
r_1838	true	greaterEqual
r_2836	true	greaterEqual
r_2837	true	greaterEqual
r_3617	true	reversible
r_3505	true	greaterEqual
r_3615	true	reversible
r_3614	true	reversible
r_3613	true	reversible
r_3612	true	reversible
r_3611	true	reversible
r_3610	true	reversible
r_3619	true	reversible
r_2447	true	greaterEqual
r_3786	true	reversible
r_3535	true	reversible
r_2164	true	greaterEqual
r_2165	true	greaterEqual
r_3479	true	greaterEqual
r_3478	true	greaterEqual
r_3477	true	greaterEqual
r_2162	true	greaterEqual
r_3475	true	greaterEqual
r_3474	true	greaterEqual
r_3473	true	greaterEqual
r_2446	true	greaterEqual
r_3471	true	greaterEqual
r_3470	true	greaterEqual
r_2904	true	reversible
r_2905	true	reversible
r_2906	true	reversible
r_2907	true	reversible
r_2900	true	reversible
r_2160	true	greaterEqual
r_2902	true	reversible
r_2903	true	reversible
r_3187	true	greaterEqual
r_3186	true	greaterEqual
r_3185	true	greaterEqual
r_2161	true	greaterEqual
r_2908	true	reversible
r_2909	true	reversible
r_3181	true	greaterEqual
r_3180	true	greaterEqual
r_4019	true	greaterEqual
r_3051	true	greaterEqual
r_2922	true	reversible
r_3053	true	greaterEqual
r_3052	true	greaterEqual
r_3055	true	greaterEqual
r_3054	true	greaterEqual
r_3057	true	greaterEqual
r_2923	true	reversible
r_3059	true	greaterEqual
r_3058	true	greaterEqual
r_3509	true	reversible
r_3508	true	reversible
r_2920	true	reversible
r_3987	true	reversible
r_3986	true	greaterEqual
r_3985	true	greaterEqual
r_3984	true	greaterEqual
r_0559	true	greaterEqual
r_0558	true	greaterEqual
r_0889	true	greaterEqual
r_0888	true	reversible
r_0887	true	greaterEqual
r_0886	true	greaterEqual
r_0885	true	greaterEqual
r_0884	true	greaterEqual
r_0883	true	greaterEqual
r_0882	true	reversible
r_0553	true	greaterEqual
r_0552	true	greaterEqual
r_2590	true	greaterEqual
r_2924	true	reversible
r_2925	true	reversible
r_0951	true	reversible
r_0950	true	reversible
r_0953	true	greaterEqual
r_0952	true	reversible
r_0955	true	reversible
r_0954	true	greaterEqual
r_0957	true	greaterEqual
r_0956	true	greaterEqual
r_0959	true	greaterEqual
r_0958	true	greaterEqual
r_3033	true	greaterEqual
r_3773	true	reversible
r_2592	true	greaterEqual
r_0771	true	greaterEqual
r_0770	true	greaterEqual
r_0773	true	greaterEqual
r_0772	true	greaterEqual
r_0775	true	greaterEqual
r_0774	true	greaterEqual
r_3873	true	reversible
r_3872	true	reversible
r_3871	true	reversible
r_3870	true	reversible
r_3877	true	reversible
r_3876	true	reversible
r_3875	true	reversible
r_3874	true	reversible
r_3879	true	reversible
r_3878	true	reversible
r_0399	true	reversible
r_0173	true	greaterEqual
r_0172	true	greaterEqual
r_0171	true	greaterEqual
r_0170	true	greaterEqual
r_0177	true	greaterEqual
r_0176	true	greaterEqual
r_0175	true	greaterEqual
r_0174	true	greaterEqual
r_0179	true	greaterEqual
r_0178	true	greaterEqual
r_0370	true	greaterEqual
r_0373	true	greaterEqual
r_3514	true	reversible
r_3798	true	reversible
r_3639	true	reversible
r_2526	true	greaterEqual
r_2119	true	reversible
r_0087	true	reversible
r_0086	true	greaterEqual
r_0085	true	greaterEqual
r_0084	true	greaterEqual
r_0083	true	greaterEqual
r_0082	true	greaterEqual
r_0081	true	greaterEqual
r_0080	true	greaterEqual
r_0089	true	reversible
r_0088	true	reversible
r_2527	true	greaterEqual
r_2445	true	reversible
r_2444	true	reversible
r_3780	true	reversible
r_2111	false	greaterEqual
r_2110	false	equal
r_2524	true	greaterEqual
r_2441	true	reversible
r_2440	true	reversible
r_2443	true	reversible
r_2442	true	reversible
r_2841	true	greaterEqual
r_2828	true	greaterEqual
r_2525	true	greaterEqual
r_2840	true	greaterEqual
r_2843	true	greaterEqual
r_2842	true	greaterEqual
r_2845	true	greaterEqual
r_3063	true	greaterEqual
r_2844	true	greaterEqual
r_1112	true	reversible
r_1113	true	greaterEqual
r_1110	true	reversible
r_1111	true	greaterEqual
r_1116	true	greaterEqual
r_1117	true	reversible
r_1114	true	greaterEqual
r_1115	true	reversible
r_1118	true	greaterEqual
r_1119	true	greaterEqual
r_3240	true	greaterEqual
r_3719	true	reversible
r_3241	true	greaterEqual
r_3790	true	reversible
r_1628	true	reversible
r_1629	true	greaterEqual
r_3791	true	reversible
r_1620	true	greaterEqual
r_1621	true	greaterEqual
r_1622	true	reversible
r_1623	true	greaterEqual
r_1624	true	greaterEqual
r_1625	true	greaterEqual
r_1627	true	greaterEqual
r_3792	true	reversible
r_3794	true	reversible
r_3637	true	reversible
r_3795	true	reversible
r_2520	true	greaterEqual
r_3793	true	reversible
r_2847	true	greaterEqual
r_1758	true	reversible
r_1759	true	reversible
r_1028	true	greaterEqual
r_1029	true	greaterEqual
r_1026	true	greaterEqual
r_1027	true	greaterEqual
r_1024	true	greaterEqual
r_1757	true	greaterEqual
r_1750	true	reversible
r_1023	true	greaterEqual
r_1752	true	reversible
r_1753	true	greaterEqual
r_1935	true	greaterEqual
r_1244	true	reversible
r_1245	true	greaterEqual
r_1242	true	reversible
r_1243	true	greaterEqual
r_1932	true	reversible
r_1241	true	reversible
r_2225	true	greaterEqual
r_2224	true	greaterEqual
r_2227	true	greaterEqual
r_2226	true	greaterEqual
r_1938	true	reversible
r_1939	true	reversible
r_2223	true	greaterEqual
r_1249	true	reversible
r_3631	true	reversible
r_2131	true	greaterEqual
r_3630	true	reversible
r_2133	false	greaterEqual
r_2132	true	greaterEqual
r_2134	true	greaterEqual
r_2137	true	greaterEqual
r_2136	true	reversible
r_2139	true	reversible
r_2049	true	reversible
r_2826	true	greaterEqual
r_2825	true	greaterEqual
r_2824	true	greaterEqual
r_2823	true	greaterEqual
r_2604	true	greaterEqual
r_2821	true	greaterEqual
r_2820	true	greaterEqual
r_2041	true	greaterEqual
r_2040	true	greaterEqual
r_2043	true	greaterEqual
r_2042	true	reversible
r_2045	true	greaterEqual
r_2044	true	greaterEqual
r_2829	true	greaterEqual
r_2046	true	greaterEqual
r_1800	true	greaterEqual
r_1801	true	reversible
r_1802	true	reversible
r_1803	true	reversible
r_1805	true	reversible
r_1806	true	greaterEqual
r_1807	true	greaterEqual
r_1808	true	greaterEqual
r_1809	true	reversible
r_3662	true	reversible
r_3663	true	reversible
r_3660	true	reversible
r_3661	true	reversible
r_3666	true	reversible
r_3667	true	reversible
r_3664	true	reversible
r_3665	true	reversible
r_0832	true	greaterEqual
r_3668	true	reversible
r_3669	true	reversible
r_3542	true	reversible
r_3748	true	reversible
r_0523	true	reversible
r_0656	true	greaterEqual
r_3408	true	greaterEqual
r_3409	true	greaterEqual
r_3402	true	greaterEqual
r_2846	true	greaterEqual
r_3400	true	greaterEqual
r_3401	true	greaterEqual
r_3406	true	greaterEqual
r_0654	true	greaterEqual
r_3404	true	greaterEqual
r_3405	true	greaterEqual
r_2913	true	reversible
r_2912	true	reversible
r_2911	true	reversible
r_0655	true	greaterEqual
r_2917	true	reversible
r_2916	true	reversible
r_2915	true	reversible
r_2914	true	reversible
r_0652	true	greaterEqual
r_2919	true	reversible
r_2918	true	reversible
r_0653	true	greaterEqual
r_0650	true	greaterEqual
r_0651	true	greaterEqual
r_3068	true	greaterEqual
r_3069	true	greaterEqual
r_3364	true	greaterEqual
r_3064	true	greaterEqual
r_2368	true	greaterEqual
r_3066	true	greaterEqual
r_3067	true	greaterEqual
r_3060	true	greaterEqual
r_3061	true	greaterEqual
r_3062	true	greaterEqual
r_2369	true	greaterEqual
r_0568	true	greaterEqual
r_0569	true	greaterEqual
r_3314	true	greaterEqual
r_3315	true	greaterEqual
r_3312	true	greaterEqual
r_3313	true	greaterEqual
r_3310	true	greaterEqual
r_3311	true	greaterEqual
r_0560	true	greaterEqual
r_0561	true	greaterEqual
r_0562	true	greaterEqual
r_0563	true	greaterEqual
r_0564	true	greaterEqual
r_0565	true	greaterEqual
r_0566	true	greaterEqual
r_0567	true	greaterEqual
r_3086	true	greaterEqual
r_3087	true	greaterEqual
r_3084	true	greaterEqual
r_3085	true	greaterEqual
r_3082	true	greaterEqual
r_3083	true	greaterEqual
r_3080	true	greaterEqual
r_3081	true	greaterEqual
r_3088	true	greaterEqual
r_3089	true	greaterEqual
r_0968	true	greaterEqual
r_0969	true	greaterEqual
r_0964	true	greaterEqual
r_0965	true	greaterEqual
r_0966	true	greaterEqual
r_0967	true	greaterEqual
r_0960	true	greaterEqual
r_0961	true	greaterEqual
r_0962	true	greaterEqual
r_0963	true	greaterEqual
r_2362	true	greaterEqual
r_2363	true	greaterEqual
r_0410	true	reversible
r_4009	true	greaterEqual
r_0412	true	reversible
r_0986	true	greaterEqual
r_0987	true	reversible
r_0984	true	reversible
r_0985	true	greaterEqual
r_0982	true	reversible
r_0983	true	greaterEqual
r_3697	true	reversible
r_3747	true	reversible
r_0988	true	greaterEqual
r_0989	true	greaterEqual
r_2450	true	greaterEqual
r_3888	true	reversible
r_3889	true	reversible
r_3886	true	reversible
r_3887	true	reversible
r_3884	true	reversible
r_3885	true	reversible
r_3882	true	reversible
r_3883	true	reversible
r_3880	true	reversible
r_3881	true	reversible
r_3783	true	reversible
r_3696	true	reversible
r_3746	true	reversible
r_2451	true	greaterEqual
r_0188	true	greaterEqual
r_0189	true	reversible
r_0186	true	greaterEqual
r_0187	true	greaterEqual
r_0184	true	greaterEqual
r_0185	true	greaterEqual
r_0182	true	greaterEqual
r_0183	true	greaterEqual
r_0180	true	greaterEqual
r_0181	true	greaterEqual
r_0340	true	reversible
r_0341	true	reversible
r_0342	true	greaterEqual
r_0343	true	greaterEqual
r_0344	true	greaterEqual
r_0345	true	greaterEqual
r_0346	true	greaterEqual
r_0347	true	greaterEqual
r_0348	true	greaterEqual
r_0349	true	reversible
r_3266	true	greaterEqual
r_3694	true	reversible
r_3740	true	reversible
r_0747	true	greaterEqual
r_0748	true	greaterEqual
r_0749	true	greaterEqual
r_3693	true	reversible
r_3188	true	greaterEqual
r_1883	true	greaterEqual
r_3692	true	reversible
r_3582	true	reversible
r_3782	true	reversible
r_3691	true	reversible
r_3492	true	greaterEqual
r_3690	true	reversible
r_1101	true	greaterEqual
r_1100	true	reversible
r_1103	true	reversible
r_1102	true	greaterEqual
r_1104	true	reversible
r_1107	true	greaterEqual
r_1106	true	reversible
r_1109	true	greaterEqual
r_1108	true	greaterEqual
r_3921	true	reversible
r_2539	true	greaterEqual
r_0363	true	greaterEqual
r_3502	true	greaterEqual
r_1749	true	greaterEqual
r_1748	true	reversible
r_1039	true	greaterEqual
r_1038	true	greaterEqual
r_1035	true	greaterEqual
r_1034	true	greaterEqual
r_1037	true	greaterEqual
r_1036	true	greaterEqual
r_1747	true	reversible
r_1746	true	reversible
r_1033	true	greaterEqual
r_1032	true	greaterEqual
r_1255	true	greaterEqual
r_1254	true	greaterEqual
r_1257	true	greaterEqual
r_1256	true	reversible
r_1251	true	reversible
r_1250	true	greaterEqual
r_1253	true	reversible
r_1252	true	reversible
r_2210	true	reversible
r_2211	true	reversible
r_1929	true	reversible
r_1928	true	reversible
r_1259	true	greaterEqual
r_1258	true	reversible
r_2216	true	reversible
r_2217	true	reversible
r_3785	true	reversible
r_2127	true	greaterEqual
r_2698	true	reversible
r_2699	true	reversible
r_2694	true	reversible
r_2695	true	reversible
r_2696	true	reversible
r_2697	true	reversible
r_2690	true	reversible
r_2691	true	reversible
r_2692	true	reversible
r_2693	true	reversible
r_1637	true	reversible
r_1635	true	reversible
r_1634	true	greaterEqual
r_1633	true	reversible
r_1632	true	reversible
r_1631	true	greaterEqual
r_1630	true	greaterEqual
r_2104	true	greaterEqual
r_2105	true	reversible
r_2106	true	greaterEqual
r_2107	true	reversible
r_2100	true	reversible
r_2101	true	reversible
r_1639	true	greaterEqual
r_1638	true	greaterEqual
r_2676	true	reversible
r_2677	true	reversible
r_2674	true	reversible
r_2675	true	reversible
r_2672	true	reversible
r_2673	true	reversible
r_2670	true	reversible
r_2671	true	reversible
r_3275	true	greaterEqual
r_3274	true	greaterEqual
r_2858	true	greaterEqual
r_2859	true	greaterEqual
r_3271	true	greaterEqual
r_3270	true	greaterEqual
r_2678	true	reversible
r_2679	true	reversible
r_1819	true	reversible
r_1818	true	greaterEqual
r_1817	true	reversible
r_1816	true	reversible
r_1815	true	greaterEqual
r_1814	true	greaterEqual
r_1813	true	reversible
r_1812	true	reversible
r_1811	true	greaterEqual
r_1810	true	greaterEqual
r_3671	true	reversible
r_3670	true	reversible
r_3673	true	reversible
r_2642	true	reversible
r_3675	true	reversible
r_3674	true	reversible
r_3677	true	reversible
r_3676	true	reversible
r_3679	true	reversible
r_3678	true	reversible
r_3500	true	greaterEqual
r_3620	true	reversible
r_3419	true	greaterEqual
r_3418	true	greaterEqual
r_3411	true	greaterEqual
r_3410	true	greaterEqual
r_3413	true	greaterEqual
r_3412	true	greaterEqual
r_3415	true	greaterEqual
r_3414	true	greaterEqual
r_3417	true	greaterEqual
r_3416	true	greaterEqual
r_1754	true	reversible
r_3621	true	reversible
r_3308	true	greaterEqual
r_1025	true	greaterEqual
r_3506	true	greaterEqual
r_3784	true	reversible
r_1022	true	greaterEqual
r_1751	true	reversible
r_2074	true	greaterEqual
r_2075	true	greaterEqual
r_3079	true	greaterEqual
r_3078	true	greaterEqual
r_2070	true	greaterEqual
r_2071	true	greaterEqual
r_2072	true	greaterEqual
r_2073	true	greaterEqual
r_3073	true	greaterEqual
r_3072	true	greaterEqual
r_3071	true	greaterEqual
r_1021	true	reversible
r_3077	true	greaterEqual
r_2079	true	reversible
r_3075	true	greaterEqual
r_3074	true	greaterEqual
r_3305	true	greaterEqual
r_3304	true	greaterEqual
r_3307	true	greaterEqual
r_3306	true	greaterEqual
r_3301	true	greaterEqual
r_3300	true	greaterEqual
r_3303	true	greaterEqual
r_3302	true	greaterEqual
r_3309	true	greaterEqual
r_1936	true	greaterEqual
r_3095	true	greaterEqual
r_3094	true	greaterEqual
r_3097	true	greaterEqual
r_1937	true	reversible
r_3091	true	greaterEqual
r_3090	true	greaterEqual
r_3093	true	greaterEqual
r_3092	true	greaterEqual
r_1930	true	reversible
r_3099	true	greaterEqual
r_3098	true	greaterEqual
r_1931	true	greaterEqual
r_3759	true	reversible
r_0979	true	greaterEqual
r_0978	true	greaterEqual
r_2182	true	greaterEqual
r_0973	true	greaterEqual
r_0972	true	greaterEqual
r_0971	true	greaterEqual
r_0970	true	greaterEqual
r_0977	true	greaterEqual
r_0976	true	greaterEqual
r_0975	true	greaterEqual
r_0974	true	greaterEqual
r_2597	true	greaterEqual
r_2596	true	greaterEqual
r_0402	true	reversible
r_0400	true	reversible
r_2595	true	greaterEqual
r_0995	true	greaterEqual
r_0997	true	greaterEqual
r_0996	true	greaterEqual
r_0990	true	reversible
r_0993	true	greaterEqual
r_0992	true	greaterEqual
r_2188	true	greaterEqual
r_0999	true	greaterEqual
r_0998	true	greaterEqual
r_2189	true	greaterEqual
r_3899	true	reversible
r_2591	true	greaterEqual
r_3895	true	reversible
r_3894	true	reversible
r_3897	true	reversible
r_2222	true	greaterEqual
r_3687	true	reversible
r_3890	true	reversible
r_3893	true	reversible
r_3892	true	reversible
r_0575	true	greaterEqual
r_0574	true	greaterEqual
r_0573	true	greaterEqual
r_0572	true	greaterEqual
r_0571	true	greaterEqual
r_0570	true	reversible
r_3688	true	reversible
r_3754	true	reversible
r_3787	true	reversible
r_0199	true	greaterEqual
r_0198	true	greaterEqual
r_0195	true	greaterEqual
r_0194	true	greaterEqual
r_0191	true	greaterEqual
r_0190	true	reversible
r_0193	true	greaterEqual
r_0192	true	greaterEqual
r_2835	true	greaterEqual
r_0359	true	greaterEqual
r_0358	true	greaterEqual
r_0357	true	greaterEqual
r_0356	true	reversible
r_0355	true	greaterEqual
r_0354	true	greaterEqual
r_0353	true	greaterEqual
r_0352	true	greaterEqual
r_0351	true	greaterEqual
r_0350	true	greaterEqual
r_0753	true	greaterEqual
r_0752	true	greaterEqual
r_0751	true	greaterEqual
r_0750	true	greaterEqual
r_0757	true	greaterEqual
r_0756	true	greaterEqual
r_0755	true	greaterEqual
r_0754	true	greaterEqual
r_0759	true	greaterEqual
r_0758	true	greaterEqual
r_3421	true	greaterEqual
r_2640	true	reversible
r_3753	true	reversible
r_3379	true	greaterEqual
r_2126	true	greaterEqual
r_3751	true	reversible
r_2508	true	greaterEqual
r_1138	true	reversible
r_1139	true	greaterEqual
r_1980	true	reversible
r_1134	true	greaterEqual
r_1135	true	greaterEqual
r_1136	true	reversible
r_1137	true	greaterEqual
r_1130	true	greaterEqual
r_1131	true	greaterEqual
r_1132	true	greaterEqual
r_1133	true	greaterEqual
r_1984	true	greaterEqual
r_1484	false	greaterEqual
r_1485	false	greaterEqual
r_1486	false	greaterEqual
r_1487	false	greaterEqual
r_1480	false	greaterEqual
r_1481	false	greaterEqual
r_1482	false	greaterEqual
r_1483	false	greaterEqual
r_2615	true	greaterEqual
r_2960	true	reversible
r_1488	false	greaterEqual
r_1489	false	greaterEqual
r_2500	true	greaterEqual
r_2501	true	greaterEqual
r_2502	true	greaterEqual
r_3943	true	reversible
r_2503	true	greaterEqual
r_3942	true	reversible
r_3622	true	reversible
r_1008	true	reversible
r_1009	true	reversible
r_1001	true	greaterEqual
r_1002	true	greaterEqual
r_1003	true	greaterEqual
r_1004	true	greaterEqual
r_1005	true	greaterEqual
r_1006	true	greaterEqual
r_1007	true	greaterEqual
r_1260	true	reversible
r_1261	true	reversible
r_1262	true	reversible
r_1263	true	reversible
r_1264	true	greaterEqual
r_1265	true	greaterEqual
r_1266	true	greaterEqual
r_1267	true	greaterEqual
r_1268	true	reversible
r_1269	true	greaterEqual
r_1790	true	greaterEqual
r_1791	true	greaterEqual
r_1792	true	greaterEqual
r_1793	true	greaterEqual
r_1794	true	greaterEqual
r_1795	true	reversible
r_1796	true	reversible
r_1797	true	greaterEqual
r_1798	true	greaterEqual
r_2988	true	reversible
r_2822	true	greaterEqual
r_2689	true	reversible
r_2688	true	reversible
r_3268	true	greaterEqual
r_2683	true	reversible
r_2682	true	reversible
r_2681	true	reversible
r_2680	true	reversible
r_2687	true	reversible
r_2686	true	reversible
r_2685	true	reversible
r_2684	true	reversible
r_1642	true	reversible
r_1643	true	greaterEqual
r_1640	true	reversible
r_1641	true	greaterEqual
r_2449	true	greaterEqual
r_1647	true	reversible
r_1644	true	reversible
r_1645	true	reversible
r_2113	true	greaterEqual
r_2112	true	reversible
r_1648	true	greaterEqual
r_1649	true	greaterEqual
r_2117	true	reversible
r_2116	true	greaterEqual
r_2115	true	greaterEqual
r_2114	true	greaterEqual
r_2665	true	reversible
r_2664	true	reversible
r_2667	true	reversible
r_2666	true	reversible
r_2661	true	reversible
r_2660	true	reversible
r_2663	true	reversible
r_2662	true	reversible
r_2849	true	greaterEqual
r_2848	true	greaterEqual
r_3242	true	greaterEqual
r_3243	true	greaterEqual
r_2669	true	reversible
r_2668	true	reversible
r_3246	true	greaterEqual
r_3247	true	greaterEqual
r_1868	true	reversible
r_1869	true	reversible
r_3260	true	greaterEqual
r_1862	true	greaterEqual
r_1863	true	reversible
r_1860	true	reversible
r_1861	true	reversible
r_1866	true	greaterEqual
r_1867	true	greaterEqual
r_1864	true	reversible
r_1865	true	greaterEqual
r_3648	true	reversible
r_3649	true	reversible
r_2291	true	greaterEqual
r_3644	true	reversible
r_3645	true	reversible
r_3646	true	reversible
r_3647	true	reversible
r_3640	true	reversible
r_3641	true	reversible
r_3642	true	reversible
r_3643	true	reversible
r_2207	true	reversible
r_2206	true	reversible
r_2205	true	reversible
r_2204	true	reversible
r_2203	true	reversible
r_2202	true	reversible
r_2201	true	reversible
r_2200	true	reversible
r_3446	true	greaterEqual
r_2209	true	reversible
r_2208	true	reversible
r_3896	true	reversible
r_3447	true	greaterEqual
r_2063	true	reversible
r_2062	true	greaterEqual
r_2061	true	greaterEqual
r_2060	true	reversible
r_2067	true	greaterEqual
r_2066	true	greaterEqual
r_2065	true	greaterEqual
r_2064	true	greaterEqual
r_2069	true	greaterEqual
r_2068	true	greaterEqual
r_3330	true	greaterEqual
r_3331	true	greaterEqual
r_3332	true	reversible
r_3333	true	reversible
r_3334	true	reversible
r_3335	true	reversible
r_3336	true	reversible
r_3337	true	reversible
r_3338	true	reversible
r_3339	true	reversible
r_0263	true	greaterEqual
r_0262	true	greaterEqual
r_2853	true	greaterEqual
r_0917	true	greaterEqual
r_3799	true	reversible
r_0916	true	greaterEqual
r_0267	true	greaterEqual
r_0266	true	greaterEqual
r_3424	true	greaterEqual
r_3425	true	greaterEqual
r_3426	true	greaterEqual
r_3427	true	greaterEqual
r_3420	true	greaterEqual
r_0265	true	greaterEqual
r_3422	true	greaterEqual
r_3423	true	greaterEqual
r_0264	true	greaterEqual
r_3428	true	greaterEqual
r_3429	true	greaterEqual
r_0043	true	greaterEqual
r_0218	true	reversible
r_0219	true	greaterEqual
r_0216	true	reversible
r_0217	true	reversible
r_0214	true	greaterEqual
r_0215	true	greaterEqual
r_0212	true	greaterEqual
r_0213	true	greaterEqual
r_0210	true	greaterEqual
r_0211	true	greaterEqual
r_0040	true	greaterEqual
r_2328	true	greaterEqual
r_3584	true	reversible
r_0692	true	greaterEqual
r_0693	true	greaterEqual
r_0690	true	greaterEqual
r_0691	true	greaterEqual
r_0696	true	greaterEqual
r_0697	true	greaterEqual
r_0694	true	greaterEqual
r_0695	true	greaterEqual
r_0698	true	greaterEqual
r_0699	true	reversible
r_2616	true	greaterEqual
r_0502	true	reversible
r_0503	true	greaterEqual
r_0500	true	greaterEqual
r_0501	true	greaterEqual
r_0506	true	greaterEqual
r_0507	true	greaterEqual
r_0504	true	greaterEqual
r_0505	true	greaterEqual
r_2329	true	greaterEqual
r_2610	true	greaterEqual
r_0508	true	greaterEqual
r_0509	true	greaterEqual
r_2347	true	greaterEqual
r_2612	true	greaterEqual
r_2613	true	greaterEqual
r_3745	true	reversible
r_0328	true	greaterEqual
r_0329	true	greaterEqual
r_3744	true	reversible
r_0322	true	reversible
r_0323	true	greaterEqual
r_0320	true	greaterEqual
r_0321	true	greaterEqual
r_0326	true	reversible
r_0327	true	greaterEqual
r_3356	true	greaterEqual
r_3936	true	reversible
r_3937	true	reversible
r_3934	true	reversible
r_2349	true	greaterEqual
r_3932	true	reversible
r_3933	true	reversible
r_3930	true	reversible
r_3695	true	reversible
r_2618	true	greaterEqual
r_3938	true	reversible
r_3216	true	greaterEqual
r_3743	true	reversible
r_3742	true	reversible
r_3564	true	reversible
r_0036	true	greaterEqual
r_0037	true	greaterEqual
r_0034	true	greaterEqual
r_0035	true	greaterEqual
r_0032	true	greaterEqual
r_0033	true	greaterEqual
r_0030	true	greaterEqual
r_3781	true	reversible
r_0038	true	greaterEqual
r_0039	true	greaterEqual
r_3562	true	reversible
r_3403	true	greaterEqual
r_2802	true	reversible
r_3407	true	greaterEqual
r_3935	true	reversible
r_1129	true	greaterEqual
r_1128	true	reversible
r_1123	true	reversible
r_1122	true	reversible
r_1121	true	reversible
r_1120	true	greaterEqual
r_1127	true	reversible
r_1126	true	reversible
r_1125	true	greaterEqual
r_1124	true	reversible
r_2910	true	reversible
r_2926	true	reversible
r_1493	false	greaterEqual
r_1492	false	greaterEqual
r_1491	false	greaterEqual
r_1490	false	greaterEqual
r_1497	false	greaterEqual
r_1496	false	greaterEqual
r_1495	false	greaterEqual
r_1494	false	greaterEqual
r_1499	false	greaterEqual
r_1498	false	greaterEqual
r_3939	true	reversible
r_3217	true	greaterEqual
r_2611	true	greaterEqual
r_1012	true	greaterEqual
r_1011	true	greaterEqual
r_1010	true	greaterEqual
r_1609	true	reversible
r_1606	true	reversible
r_1607	true	reversible
r_2483	true	greaterEqual
r_2482	true	greaterEqual
r_1278	true	reversible
r_1277	true	reversible
r_1276	true	greaterEqual
r_1275	true	greaterEqual
r_1274	true	greaterEqual
r_1273	true	reversible
r_1272	true	greaterEqual
r_1271	true	greaterEqual
r_1270	true	greaterEqual
r_2218	true	reversible
r_2487	true	greaterEqual
r_1788	true	greaterEqual
r_2486	true	greaterEqual
r_2219	true	greaterEqual
r_1651	true	greaterEqual
r_1650	true	greaterEqual
r_1652	true	reversible
r_1654	true	reversible
r_1657	true	greaterEqual
r_1656	true	reversible
r_1659	true	reversible
r_1658	true	greaterEqual
r_2472	true	greaterEqual
r_2473	true	greaterEqual
r_2474	true	greaterEqual
r_2475	true	greaterEqual
r_2476	true	greaterEqual
r_2477	true	greaterEqual
r_2650	true	reversible
r_2651	true	reversible
r_2652	true	reversible
r_2653	true	reversible
r_2654	true	reversible
r_2655	true	reversible
r_2308	true	greaterEqual
r_2309	true	greaterEqual
r_2658	true	reversible
r_2659	true	reversible
r_2304	true	greaterEqual
r_2305	true	reversible
r_2302	true	greaterEqual
r_2303	true	greaterEqual
r_2300	true	greaterEqual
r_2301	true	greaterEqual
r_1879	true	greaterEqual
r_1878	true	greaterEqual
r_1871	true	greaterEqual
r_1870	true	greaterEqual
r_1873	true	greaterEqual
r_1872	true	greaterEqual
r_1875	true	greaterEqual
r_1874	true	greaterEqual
r_1877	true	reversible
r_1876	true	reversible
r_2782	true	reversible
r_2783	true	reversible
r_2780	true	reversible
r_2781	true	reversible
r_2786	true	reversible
r_2787	true	reversible
r_2784	true	reversible
r_2785	true	reversible
r_3653	true	reversible
r_3652	true	reversible
r_2788	true	reversible
r_2789	true	reversible
r_3657	true	reversible
r_3656	true	reversible
r_3655	true	reversible
r_3654	true	reversible
r_2272	true	greaterEqual
r_2273	true	greaterEqual
r_2270	true	greaterEqual
r_2271	true	greaterEqual
r_2276	true	greaterEqual
r_2277	true	greaterEqual
r_2274	true	greaterEqual
r_2275	true	greaterEqual
r_2278	true	greaterEqual
r_2279	true	greaterEqual
r_3100	true	greaterEqual
r_3636	true	reversible
r_3065	true	greaterEqual
r_3257	true	greaterEqual
r_3256	true	greaterEqual
r_3255	true	greaterEqual
r_3254	true	greaterEqual
r_3253	true	greaterEqual
r_3252	true	greaterEqual
r_2098	true	reversible
r_2099	true	reversible
r_2096	true	reversible
r_2097	true	reversible
r_2094	true	reversible
r_2095	true	reversible
r_2092	true	greaterEqual
r_2093	true	reversible
r_2090	true	greaterEqual
r_2091	true	greaterEqual
r_3316	true	greaterEqual
r_3329	true	greaterEqual
r_3317	true	greaterEqual
r_3327	true	greaterEqual
r_3326	true	greaterEqual
r_3325	true	greaterEqual
r_3324	true	greaterEqual
r_3323	true	greaterEqual
r_3322	true	greaterEqual
r_3321	true	greaterEqual
r_3320	true	greaterEqual
r_2896	true	reversible
r_2897	true	reversible
r_2894	true	reversible
r_2895	true	reversible
r_2892	true	reversible
r_2893	true	reversible
r_2863	true	greaterEqual
r_2891	true	reversible
r_2898	true	reversible
r_2899	true	reversible
r_3433	true	greaterEqual
r_3432	true	greaterEqual
r_3431	true	greaterEqual
r_3430	true	greaterEqual
r_3437	true	greaterEqual
r_3436	true	greaterEqual
r_3435	true	greaterEqual
r_3434	true	greaterEqual
r_3439	true	greaterEqual
r_3438	true	greaterEqual
r_0209	true	greaterEqual
r_0208	true	reversible
r_0205	true	greaterEqual
r_0204	true	reversible
r_0207	true	reversible
r_0206	true	greaterEqual
r_0201	true	greaterEqual
r_0200	true	greaterEqual
r_0203	true	greaterEqual
r_0202	true	greaterEqual
r_3318	true	greaterEqual
r_3319	true	greaterEqual
r_0681	true	greaterEqual
r_0680	true	greaterEqual
r_0683	true	greaterEqual
r_0682	true	greaterEqual
r_0687	true	greaterEqual
r_0689	true	greaterEqual
r_0688	true	greaterEqual
r_0511	true	greaterEqual
r_0510	true	greaterEqual
r_0512	true	greaterEqual
r_0515	true	greaterEqual
r_0514	true	greaterEqual
r_0519	true	reversible
r_0518	true	reversible
r_2212	true	reversible
r_1853	true	reversible
r_2148	true	reversible
r_1852	true	reversible
r_2249	true	greaterEqual
r_1851	true	reversible
r_0339	true	greaterEqual
r_0338	true	greaterEqual
r_1857	true	reversible
r_1850	true	greaterEqual
r_0331	true	greaterEqual
r_0330	true	reversible
r_0333	true	reversible
r_0332	true	greaterEqual
r_0335	true	reversible
r_0334	true	greaterEqual
r_1856	true	reversible
r_3925	true	reversible
r_3924	true	reversible
r_3927	true	reversible
r_3926	true	reversible
r_2149	true	reversible
r_1855	true	reversible
r_3923	true	reversible
r_2248	true	greaterEqual
r_1854	true	reversible
r_3929	true	reversible
r_3928	true	reversible
r_2632	true	reversible
r_2633	true	reversible
r_2322	true	greaterEqual
r_2966	true	reversible
r_2323	true	greaterEqual
r_2967	true	reversible
r_2324	true	greaterEqual
r_2964	true	reversible
r_2325	true	greaterEqual
r_0025	true	greaterEqual
r_0024	true	greaterEqual
r_0027	true	reversible
r_0026	true	greaterEqual
r_0021	true	greaterEqual
r_0020	true	greaterEqual
r_0023	true	reversible
r_0022	true	greaterEqual
r_2962	true	reversible
r_2635	true	reversible
r_0029	true	greaterEqual
r_0028	true	greaterEqual
r_2963	true	reversible
r_2538	true	greaterEqual
r_2961	true	reversible
r_2593	true	greaterEqual
r_2319	true	greaterEqual
r_2318	true	greaterEqual
r_3362	true	greaterEqual
r_1468	false	greaterEqual
r_1469	false	greaterEqual
r_1466	false	greaterEqual
r_1467	false	greaterEqual
r_1464	false	greaterEqual
r_1465	false	greaterEqual
r_1462	false	greaterEqual
r_1463	false	greaterEqual
r_1460	false	greaterEqual
r_1461	false	greaterEqual
r_1063	true	reversible
r_1066	true	greaterEqual
r_1067	true	greaterEqual
r_1065	true	greaterEqual
r_1068	true	greaterEqual
r_1069	true	reversible
r_4038	true	reversible
r_4039	true	reversible
r_4032	true	greaterEqual
r_4033	true	greaterEqual
r_4030	true	greaterEqual
r_4031	true	greaterEqual
r_4036	true	greaterEqual
r_4037	true	greaterEqual
r_4034	true	greaterEqual
r_4035	true	greaterEqual
r_1208	true	reversible
r_1209	true	greaterEqual
r_1202	true	reversible
r_1203	true	greaterEqual
r_1200	true	greaterEqual
r_1201	true	reversible
r_1206	true	reversible
r_1207	true	greaterEqual
r_1204	true	greaterEqual
r_1205	true	reversible
r_2240	true	greaterEqual
r_2467	true	greaterEqual
r_2466	true	greaterEqual
r_2465	true	greaterEqual
r_2464	true	greaterEqual
r_2463	true	reversible
r_2462	true	reversible
r_2461	true	greaterEqual
r_2460	true	greaterEqual
r_2469	true	greaterEqual
r_2468	true	greaterEqual
r_1668	true	reversible
r_1669	true	reversible
r_1664	true	reversible
r_1665	true	reversible
r_1667	true	reversible
r_1660	true	reversible
r_1661	true	reversible
r_1663	true	greaterEqual
r_1516	false	greaterEqual
r_1517	false	greaterEqual
r_1514	false	greaterEqual
r_1515	false	greaterEqual
r_1512	false	greaterEqual
r_1513	false	greaterEqual
r_1510	false	greaterEqual
r_1511	false	greaterEqual
r_2315	true	greaterEqual
r_2314	true	greaterEqual
r_2317	true	greaterEqual
r_2150	true	reversible
r_1848	true	greaterEqual
r_1849	true	reversible
r_1518	false	greaterEqual
r_1519	false	greaterEqual
r_1686	true	reversible
r_1687	true	greaterEqual
r_1684	true	reversible
r_1685	true	greaterEqual
r_1682	true	greaterEqual
r_1683	true	greaterEqual
r_1680	true	reversible
r_1681	true	reversible
r_2118	true	greaterEqual
r_1688	true	reversible
r_1689	true	reversible
r_2791	true	reversible
r_2790	true	reversible
r_2793	true	reversible
r_2498	true	greaterEqual
r_2795	true	reversible
r_2794	true	reversible
r_2797	true	reversible
r_2796	true	reversible
r_2799	true	reversible
r_2522	true	greaterEqual
r_2523	true	greaterEqual
r_2261	true	greaterEqual
r_2260	true	greaterEqual
r_2263	true	greaterEqual
r_2262	true	greaterEqual
r_2265	true	greaterEqual
r_2159	true	greaterEqual
r_2267	true	greaterEqual
r_2266	true	greaterEqual
r_2269	true	greaterEqual
r_2268	true	greaterEqual
r_2158	true	greaterEqual
r_3680	true	reversible
r_3681	true	reversible
r_3682	true	reversible
r_3683	true	reversible
r_3684	true	reversible
r_3685	true	reversible
r_3138	true	greaterEqual
r_3139	true	greaterEqual
r_3136	true	greaterEqual
r_3137	true	greaterEqual
r_3134	true	greaterEqual
r_3135	true	greaterEqual
r_3132	true	greaterEqual
r_3133	true	greaterEqual
r_3130	true	greaterEqual
r_3131	true	greaterEqual
r_2745	true	reversible
r_3129	true	greaterEqual
r_3128	true	greaterEqual
r_3282	true	greaterEqual
r_3283	true	greaterEqual
r_3118	true	greaterEqual
r_3222	true	greaterEqual
r_3223	true	greaterEqual
r_3220	true	greaterEqual
r_3221	true	greaterEqual
r_2089	true	reversible
r_3227	true	greaterEqual
r_2229	true	reversible
r_3225	true	greaterEqual
r_2085	true	reversible
r_2084	true	reversible
r_2087	true	reversible
r_2086	true	greaterEqual
r_2080	true	reversible
r_2083	true	greaterEqual
r_2082	true	greaterEqual
r_3358	true	greaterEqual
r_3359	true	greaterEqual
r_3352	true	greaterEqual
r_3288	true	greaterEqual
r_3350	true	greaterEqual
r_3351	true	greaterEqual
r_3119	true	greaterEqual
r_3357	true	greaterEqual
r_3354	true	greaterEqual
r_3289	true	greaterEqual
r_2228	true	greaterEqual
r_3123	true	greaterEqual
r_3122	true	greaterEqual
r_2885	true	reversible
r_2884	true	reversible
r_2887	true	reversible
r_2886	true	reversible
r_2881	true	greaterEqual
r_2880	true	greaterEqual
r_2883	true	greaterEqual
r_2882	true	greaterEqual
r_2889	true	reversible
r_2888	true	reversible
r_3961	true	reversible
r_2809	true	reversible
r_2808	true	reversible
r_0238	true	greaterEqual
r_0239	true	greaterEqual
r_0230	true	greaterEqual
r_0231	true	greaterEqual
r_0233	true	greaterEqual
r_0234	true	greaterEqual
r_0235	true	greaterEqual
r_0236	true	greaterEqual
r_0237	true	greaterEqual
r_0528	true	greaterEqual
r_0529	true	reversible
r_0524	true	greaterEqual
r_0525	true	greaterEqual
r_0526	true	greaterEqual
r_0527	true	greaterEqual
r_0520	true	reversible
r_0521	true	reversible
r_0522	true	reversible
r_0831	true	greaterEqual
r_0304	true	greaterEqual
r_0657	true	greaterEqual
r_0306	true	greaterEqual
r_0307	true	greaterEqual
r_0300	true	greaterEqual
r_0301	true	greaterEqual
r_0302	true	reversible
r_0303	true	greaterEqual
r_0308	true	greaterEqual
r_0309	true	greaterEqual
r_0658	true	greaterEqual
r_0659	true	reversible
r_3741	true	reversible
r_3910	true	reversible
r_3911	true	reversible
r_3912	true	reversible
r_1997	true	greaterEqual
r_3914	true	reversible
r_3915	true	reversible
r_3916	true	reversible
r_3917	true	reversible
r_3918	true	reversible
r_3919	true	reversible
r_0788	true	greaterEqual
r_0789	true	greaterEqual
r_3210	true	greaterEqual
r_0781	true	greaterEqual
r_0782	true	greaterEqual
r_0783	true	greaterEqual
r_0784	true	greaterEqual
r_0785	true	greaterEqual
r_0786	true	greaterEqual
r_0787	true	greaterEqual
r_1840	true	reversible
r_0012	true	reversible
r_0013	true	greaterEqual
r_0014	true	greaterEqual
r_0015	true	greaterEqual
r_0016	true	greaterEqual
r_0017	true	greaterEqual
r_0018	true	reversible
r_0019	true	greaterEqual
r_1841	true	greaterEqual
r_3608	true	reversible
r_2221	true	greaterEqual
r_3609	true	reversible
r_2220	true	greaterEqual
r_3602	true	reversible
r_3603	true	reversible
r_3248	true	greaterEqual
r_3249	true	greaterEqual
r_1479	false	greaterEqual
r_1478	false	greaterEqual
r_1475	false	greaterEqual
r_1474	false	greaterEqual
r_1477	false	greaterEqual
r_1476	false	greaterEqual
r_1471	false	greaterEqual
r_1470	false	greaterEqual
r_1473	false	greaterEqual
r_1472	false	greaterEqual
r_1071	true	reversible
r_1070	true	reversible
r_1073	true	greaterEqual
r_1072	true	greaterEqual
r_1075	true	greaterEqual
r_1074	true	greaterEqual
r_1077	true	greaterEqual
r_1076	true	greaterEqual
r_1079	true	greaterEqual
r_1078	true	greaterEqual
r_3106	true	greaterEqual
r_4029	true	greaterEqual
r_4028	true	greaterEqual
r_3115	true	greaterEqual
r_4021	true	greaterEqual
r_4020	true	greaterEqual
r_4023	true	greaterEqual
r_4022	true	greaterEqual
r_4025	true	greaterEqual
r_3797	true	reversible
r_4027	true	greaterEqual
r_4026	true	greaterEqual
r_1219	true	reversible
r_1218	true	reversible
r_1211	true	reversible
r_1210	true	greaterEqual
r_1213	true	reversible
r_1212	true	greaterEqual
r_1215	true	reversible
r_1214	true	reversible
r_1217	true	reversible
r_1216	true	reversible
r_2412	true	greaterEqual
r_2413	true	greaterEqual
r_2410	true	greaterEqual
r_2411	true	greaterEqual
r_2416	true	greaterEqual
r_2417	true	greaterEqual
r_2414	true	greaterEqual
r_2415	true	greaterEqual
r_2418	true	greaterEqual
r_2419	true	greaterEqual
r_1679	true	reversible
r_1678	true	reversible
r_1673	true	greaterEqual
r_1672	true	greaterEqual
r_1671	true	greaterEqual
r_1677	true	reversible
r_1676	true	reversible
r_1675	true	reversible
r_1674	true	greaterEqual
r_1505	false	greaterEqual
r_1504	false	greaterEqual
r_1507	false	greaterEqual
r_1506	false	greaterEqual
r_1501	false	greaterEqual
r_1500	false	greaterEqual
r_1503	false	greaterEqual
r_1502	false	greaterEqual
r_2320	true	greaterEqual
r_2321	true	greaterEqual
r_1859	true	reversible
r_1858	true	reversible
r_1509	false	greaterEqual
r_1508	false	greaterEqual
r_2326	true	greaterEqual
r_2327	true	greaterEqual
r_1695	true	reversible
r_1694	true	reversible
r_1697	true	reversible
r_1696	true	reversible
r_1691	true	reversible
r_1690	true	greaterEqual
r_1699	true	reversible
r_1698	true	reversible
r_2178	true	greaterEqual
r_2258	true	greaterEqual
r_2259	true	greaterEqual
r_2528	true	greaterEqual
r_2529	true	greaterEqual
r_2254	true	greaterEqual
r_2255	true	greaterEqual
r_2256	true	greaterEqual
r_2257	true	greaterEqual
r_2250	true	greaterEqual
r_2251	true	greaterEqual
r_2252	true	greaterEqual
r_2253	true	greaterEqual
r_2746	true	reversible
r_2747	true	reversible
r_2744	true	reversible
r_2176	true	greaterEqual
r_2742	true	reversible
r_2743	true	reversible
r_2740	true	reversible
r_2741	true	reversible
r_3125	true	greaterEqual
r_3124	true	greaterEqual
r_3127	true	greaterEqual
r_3126	true	greaterEqual
r_3121	true	greaterEqual
r_3120	true	greaterEqual
r_2748	true	reversible
r_2749	true	reversible
r_2378	true	greaterEqual
r_3231	true	greaterEqual
r_3230	true	greaterEqual
r_3233	true	greaterEqual
r_3232	true	greaterEqual
r_3235	true	greaterEqual
r_3234	true	greaterEqual
r_3237	true	greaterEqual
r_3236	true	greaterEqual
r_3239	true	greaterEqual
r_3238	true	greaterEqual
r_3349	true	greaterEqual
r_3348	true	greaterEqual
r_3341	true	reversible
r_3340	true	reversible
r_3343	true	reversible
r_3342	true	reversible
r_3345	true	reversible
r_3344	true	reversible
r_3347	true	reversible
r_3346	true	reversible
r_3219	true	greaterEqual
r_3265	true	greaterEqual
r_3515	true	reversible
r_3516	true	reversible
r_3146	true	greaterEqual
r_3517	true	reversible
r_3510	true	reversible
r_3218	true	greaterEqual
r_2617	true	greaterEqual
r_3511	true	reversible
r_3512	true	reversible
r_3513	true	reversible
r_3244	true	greaterEqual
r_2572	true	greaterEqual
r_3955	true	reversible
r_3048	true	greaterEqual
r_3245	true	greaterEqual
r_0539	true	greaterEqual
r_0538	true	greaterEqual
r_2578	true	greaterEqual
r_0533	true	greaterEqual
r_0532	true	greaterEqual
r_0531	true	greaterEqual
r_0530	true	greaterEqual
r_0537	true	greaterEqual
r_0536	true	greaterEqual
r_0535	true	greaterEqual
r_0534	true	greaterEqual
r_0313	true	greaterEqual
r_0644	true	greaterEqual
r_0311	true	greaterEqual
r_0646	true	greaterEqual
r_0317	true	greaterEqual
r_0640	true	greaterEqual
r_0315	true	greaterEqual
r_0314	true	greaterEqual
r_3689	true	reversible
r_0319	true	reversible
r_0318	true	greaterEqual
r_0649	true	greaterEqual
r_0648	true	greaterEqual
r_0797	true	greaterEqual
r_0796	true	greaterEqual
r_0795	true	greaterEqual
r_0793	true	greaterEqual
r_0792	true	greaterEqual
r_0791	true	greaterEqual
r_0790	true	greaterEqual
r_3907	true	reversible
r_3906	true	reversible
r_3905	true	reversible
r_3904	true	reversible
r_3903	true	reversible
r_3902	true	reversible
r_0799	true	greaterEqual
r_0798	true	greaterEqual
r_0227	true	greaterEqual
r_0226	true	greaterEqual
r_0225	true	greaterEqual
r_0224	true	greaterEqual
r_0223	true	greaterEqual
r_0222	true	greaterEqual
r_0221	true	greaterEqual
r_0220	true	greaterEqual
r_0229	true	reversible
r_0228	true	greaterEqual
r_2470	true	greaterEqual
r_2471	true	greaterEqual
r_0007	true	greaterEqual
r_0006	true	greaterEqual
r_0005	true	greaterEqual
r_0004	true	greaterEqual
r_0003	true	reversible
r_0002	true	greaterEqual
r_0001	true	greaterEqual
r_4024	true	greaterEqual
r_2869	true	greaterEqual
r_4000	true	greaterEqual
r_3789	true	reversible
r_3788	true	reversible
r_3953	true	reversible
r_3211	true	greaterEqual
r_2878	true	greaterEqual
r_2827	true	greaterEqual
r_2879	true	greaterEqual
r_0555	true	greaterEqual
r_2656	true	reversible
r_2657	true	reversible
r_2874	true	greaterEqual
r_2875	true	greaterEqual
r_2876	true	greaterEqual
r_2264	true	greaterEqual
r_0554	true	greaterEqual
r_1449	false	greaterEqual
r_1198	true	greaterEqual
r_1199	true	reversible
r_1192	true	reversible
r_1193	true	greaterEqual
r_1190	true	reversible
r_1191	true	reversible
r_1196	true	reversible
r_1197	true	greaterEqual
r_1194	true	greaterEqual
r_1195	true	greaterEqual
r_2872	true	greaterEqual
r_2873	true	greaterEqual
r_4014	true	greaterEqual
r_4015	true	greaterEqual
r_4016	true	greaterEqual
r_4017	true	greaterEqual
r_1048	true	reversible
r_1049	true	reversible
r_4012	true	greaterEqual
r_4013	true	greaterEqual
r_1044	true	reversible
r_1045	true	greaterEqual
r_1046	true	greaterEqual
r_1047	true	greaterEqual
r_1040	true	greaterEqual
r_1041	true	greaterEqual
r_1042	true	greaterEqual
r_1043	true	greaterEqual
r_0042	true	greaterEqual
r_3259	true	greaterEqual
r_0551	true	greaterEqual
r_2401	true	greaterEqual
r_2400	true	greaterEqual
r_2403	true	greaterEqual
r_2402	true	greaterEqual
r_2405	true	greaterEqual
r_2404	true	greaterEqual
r_2407	true	greaterEqual
r_2406	true	greaterEqual
r_0041	true	greaterEqual
r_2408	true	greaterEqual
r_1530	false	greaterEqual
r_1531	false	greaterEqual
r_1532	false	greaterEqual
r_1533	false	greaterEqual
r_1534	false	greaterEqual
r_1535	false	greaterEqual
r_1536	false	greaterEqual
r_1537	false	greaterEqual
r_1538	false	greaterEqual
r_2620	true	reversible
r_2623	true	reversible
r_2622	true	reversible
r_2625	true	reversible
r_2624	true	reversible
r_2627	true	reversible
r_2626	true	reversible
r_3658	true	reversible
r_3278	true	greaterEqual
r_0821	true	greaterEqual
r_0820	true	reversible
r_1224	true	reversible
r_1225	true	reversible
r_1226	true	greaterEqual
r_1227	true	greaterEqual
r_1220	true	reversible
r_1221	true	greaterEqual
r_1222	true	greaterEqual
r_1223	true	reversible
r_2243	true	greaterEqual
r_2242	true	greaterEqual
r_1998	true	reversible
r_1999	true	greaterEqual
r_1228	true	greaterEqual
r_1229	true	greaterEqual
r_2245	true	greaterEqual
r_2244	true	greaterEqual
r_2755	true	reversible
r_0645	true	greaterEqual
r_2757	true	reversible
r_2756	true	reversible
r_2751	true	reversible
r_2750	true	reversible
r_2753	true	reversible
r_0312	true	greaterEqual
r_3110	true	greaterEqual
r_3111	true	greaterEqual
r_3112	true	greaterEqual
r_3113	true	greaterEqual
r_2759	true	reversible
r_0647	true	greaterEqual
r_3116	true	greaterEqual
r_3117	true	greaterEqual
r_0310	true	greaterEqual
r_0641	true	greaterEqual
r_0045	true	greaterEqual
r_3598	true	reversible
r_0643	true	greaterEqual
r_3594	true	reversible
r_3595	true	reversible
r_3596	true	reversible
r_0642	true	greaterEqual
r_3590	true	reversible
r_2379	true	greaterEqual
r_3592	true	reversible
r_3593	true	reversible
r_2337	true	greaterEqual
r_0762	true	greaterEqual
r_2335	true	greaterEqual
r_2334	true	greaterEqual
r_2333	true	greaterEqual
r_2332	true	greaterEqual
r_2331	true	greaterEqual
r_0763	true	greaterEqual
r_3204	true	greaterEqual
r_3205	true	greaterEqual
r_3206	true	greaterEqual
r_3207	true	greaterEqual
r_3200	true	greaterEqual
r_0760	true	reversible
r_0044	true	greaterEqual
r_2338	true	greaterEqual
r_3576	true	reversible
r_3577	true	reversible
r_3574	true	reversible
r_0093	true	greaterEqual
r_3572	true	reversible
r_3573	true	reversible
r_3570	true	reversible
r_3571	true	reversible
r_0094	true	greaterEqual
r_3578	true	reversible
r_0095	true	greaterEqual
r_0764	true	greaterEqual
r_0765	true	greaterEqual
r_3864	true	reversible
r_2377	true	greaterEqual
r_2376	true	greaterEqual
r_3659	true	reversible
r_3277	true	greaterEqual
r_3028	true	greaterEqual
r_0497	true	greaterEqual
r_0490	true	greaterEqual
r_0491	true	greaterEqual
r_0492	true	greaterEqual
r_3029	true	greaterEqual
r_0499	true	greaterEqual
r_3539	true	reversible
r_3276	true	greaterEqual
r_0818	true	greaterEqual
r_0819	true	greaterEqual
r_3376	true	greaterEqual
r_3377	true	greaterEqual
r_3370	true	greaterEqual
r_3371	true	greaterEqual
r_3372	true	greaterEqual
r_3373	true	greaterEqual
r_0810	true	greaterEqual
r_0811	true	greaterEqual
r_0812	true	greaterEqual
r_0813	true	greaterEqual
r_3378	true	greaterEqual
r_0815	true	reversible
r_0816	true	greaterEqual
r_0817	true	greaterEqual
r_0670	true	greaterEqual
r_0671	true	greaterEqual
r_0672	true	reversible
r_0673	true	reversible
r_0674	true	reversible
r_0675	true	greaterEqual
r_0676	true	reversible
r_0678	true	greaterEqual
r_0679	true	greaterEqual
r_3025	true	greaterEqual
r_3534	true	reversible
r_2798	true	reversible
r_3027	true	greaterEqual
r_3978	true	greaterEqual
r_3979	true	greaterEqual
r_3909	true	reversible
r_3972	true	greaterEqual
r_3973	true	reversible
r_3970	true	greaterEqual
r_3908	true	reversible
r_3976	true	greaterEqual
r_3977	true	greaterEqual
r_3974	true	greaterEqual
r_3975	true	greaterEqual
r_0252	true	greaterEqual
r_0253	true	greaterEqual
r_0250	true	greaterEqual
r_0256	true	greaterEqual
r_0254	true	greaterEqual
r_0255	true	greaterEqual
r_0259	true	greaterEqual
r_0078	true	greaterEqual
r_0079	true	greaterEqual
r_3272	true	greaterEqual
r_3901	true	reversible
r_0072	true	greaterEqual
r_0073	true	reversible
r_0070	true	greaterEqual
r_3900	true	reversible
r_0076	true	greaterEqual
r_0077	true	greaterEqual
r_0074	true	greaterEqual
r_0075	true	greaterEqual
r_3806	true	reversible
r_3807	true	reversible
r_3804	true	reversible
r_3805	true	reversible
r_3802	true	reversible
r_1738	true	reversible
r_3800	true	reversible
r_3801	true	reversible
r_1739	true	greaterEqual
r_3808	true	reversible
r_3809	true	reversible
r_1088	true	reversible
r_1089	true	greaterEqual
r_2496	true	greaterEqual
r_0106	true	greaterEqual
r_0107	true	greaterEqual
r_0104	true	greaterEqual
r_0105	true	greaterEqual
r_0102	true	greaterEqual
r_0103	true	greaterEqual
r_0100	true	greaterEqual
r_0101	true	greaterEqual
r_0108	true	greaterEqual
r_0109	true	greaterEqual
r_3651	true	reversible
r_2192	true	reversible
r_1189	true	greaterEqual
r_1188	true	greaterEqual
r_1181	true	greaterEqual
r_1180	true	greaterEqual
r_1183	true	reversible
r_1182	true	reversible
r_1185	true	greaterEqual
r_1184	true	reversible
r_1187	true	greaterEqual
r_1186	true	reversible
r_0167	true	greaterEqual
r_4003	true	greaterEqual
r_4002	true	greaterEqual
r_4001	true	greaterEqual
r_1058	true	greaterEqual
r_4007	true	greaterEqual
r_4006	true	greaterEqual
r_4005	true	reversible
r_4004	true	greaterEqual
r_1051	true	greaterEqual
r_1050	true	reversible
r_1057	true	greaterEqual
r_1056	true	greaterEqual
r_1055	true	greaterEqual
r_1054	true	reversible
r_3251	true	greaterEqual
r_3650	true	reversible
r_3250	true	greaterEqual
r_3531	true	reversible
r_3626	true	reversible
r_2497	true	greaterEqual
r_3627	true	reversible
r_3624	true	reversible
r_3625	true	reversible
r_2438	true	reversible
r_2439	true	reversible
r_2434	true	reversible
r_2435	true	reversible
r_2436	true	reversible
r_2437	true	reversible
r_2430	true	greaterEqual
r_2431	true	greaterEqual
r_2432	true	reversible
r_2433	true	reversible
r_1457	false	greaterEqual
r_1456	false	greaterEqual
r_1455	false	greaterEqual
r_1454	false	greaterEqual
r_1453	false	greaterEqual
r_1452	false	greaterEqual
r_1451	false	greaterEqual
r_1450	false	greaterEqual
r_3258	true	greaterEqual
r_1459	false	greaterEqual
r_1458	false	greaterEqual
r_2184	true	reversible
r_2185	true	reversible
r_2186	true	reversible
r_2187	true	greaterEqual
r_2180	true	greaterEqual
r_2181	true	greaterEqual
r_1529	false	greaterEqual
r_1528	false	greaterEqual
r_1527	false	greaterEqual
r_1526	false	greaterEqual
r_1525	false	greaterEqual
r_1524	false	greaterEqual
r_1523	false	greaterEqual
r_1522	false	greaterEqual
r_1521	false	greaterEqual
r_1520	false	greaterEqual
r_3328	true	greaterEqual
r_1981	true	reversible
r_1232	true	greaterEqual
r_1231	true	greaterEqual
r_1230	true	greaterEqual
r_1237	true	greaterEqual
r_1236	true	reversible
r_1235	true	reversible
r_1989	true	greaterEqual
r_1988	true	reversible
r_1239	true	greaterEqual
r_1238	true	reversible
r_2504	true	greaterEqual
r_2505	true	greaterEqual
r_2506	true	greaterEqual
r_2507	true	greaterEqual
r_2760	true	reversible
r_2761	true	reversible
r_2762	true	reversible
r_2763	true	reversible
r_2764	true	reversible
r_2765	true	reversible
r_2766	true	reversible
r_2767	true	reversible
r_2768	true	reversible
r_2769	true	reversible
r_2986	true	reversible
r_2987	true	reversible
r_2980	true	reversible
r_2981	true	reversible
r_2982	true	reversible
r_2983	true	reversible
r_2290	true	greaterEqual
r_1743	true	reversible
r_2292	true	greaterEqual
r_2293	true	greaterEqual
r_2294	true	greaterEqual
r_2295	true	greaterEqual
r_2296	true	greaterEqual
r_2297	true	greaterEqual
r_2298	true	greaterEqual
r_2299	true	greaterEqual
r_3449	true	greaterEqual
r_3589	true	reversible
r_3588	true	reversible
r_3583	true	reversible
r_1031	true	reversible
r_3581	true	reversible
r_3580	true	reversible
r_3587	true	reversible
r_3586	true	reversible
r_3585	true	reversible
r_1030	true	greaterEqual
r_2342	true	greaterEqual
r_2343	true	greaterEqual
r_2340	true	greaterEqual
r_2341	true	greaterEqual
r_2346	true	greaterEqual
r_1745	true	reversible
r_2344	true	greaterEqual
r_2345	true	greaterEqual
r_3213	true	greaterEqual
r_3212	true	greaterEqual
r_2348	true	greaterEqual
r_1744	true	greaterEqual
r_2199	true	reversible
r_2619	true	greaterEqual
r_3215	true	greaterEqual
r_3214	true	greaterEqual
r_3565	true	reversible
r_1923	true	reversible
r_3567	true	reversible
r_3566	true	reversible
r_3561	true	reversible
r_3560	true	reversible
r_3563	true	reversible
r_1922	true	reversible
r_3569	true	reversible
r_1921	true	reversible
r_3269	true	greaterEqual
r_1920	true	reversible
r_1927	true	reversible
r_2198	true	reversible
r_1926	true	reversible
r_1925	true	reversible
r_1924	true	reversible
r_3107	true	greaterEqual
r_1880	true	greaterEqual
r_3105	true	greaterEqual
r_3104	true	greaterEqual
r_3103	true	greaterEqual
r_3102	true	greaterEqual
r_3101	true	greaterEqual
r_1881	true	greaterEqual
r_3597	true	reversible
r_1882	true	greaterEqual
r_3109	true	greaterEqual
r_3108	true	greaterEqual
r_0483	true	reversible
r_0482	true	greaterEqual
r_0481	true	greaterEqual
r_0480	true	greaterEqual
r_0487	true	greaterEqual
r_0486	true	reversible
r_0485	true	greaterEqual
r_0484	true	reversible
r_2214	true	reversible
r_0489	true	greaterEqual
r_0488	true	greaterEqual
r_3267	true	greaterEqual
r_2215	true	reversible
r_3623	true	reversible
r_1886	true	greaterEqual
r_0807	true	greaterEqual
r_0806	true	greaterEqual
r_0805	true	greaterEqual
r_0804	true	greaterEqual
r_0803	true	reversible
r_0802	true	reversible
r_0801	true	greaterEqual
r_0800	true	greaterEqual
r_3264	true	greaterEqual
r_2968	true	reversible
r_2969	true	reversible
r_3363	true	greaterEqual
r_2957	true	reversible
r_3361	true	greaterEqual
r_3360	true	greaterEqual
r_3367	true	greaterEqual
r_3366	true	greaterEqual
r_3365	true	greaterEqual
r_2956	true	reversible
r_3369	true	greaterEqual
r_3368	true	greaterEqual
r_2495	true	greaterEqual
r_0669	true	greaterEqual
r_0668	true	reversible
r_0667	true	reversible
r_0666	true	greaterEqual
r_0665	true	greaterEqual
r_0664	true	reversible
r_0663	true	reversible
r_0662	true	greaterEqual
r_0661	true	greaterEqual
r_2952	true	reversible
r_1987	true	greaterEqual
r_2950	true	reversible
r_3969	true	greaterEqual
r_3968	true	greaterEqual
r_3262	true	greaterEqual
r_3960	true	reversible
r_3963	true	greaterEqual
r_3962	true	reversible
r_3965	true	greaterEqual
r_3964	true	greaterEqual
r_3967	true	greaterEqual
r_3966	true	greaterEqual
r_0241	true	greaterEqual
r_0240	true	greaterEqual
r_0243	true	greaterEqual
r_0242	true	greaterEqual
r_0244	true	greaterEqual
r_0249	true	reversible
r_3263	true	greaterEqual
r_0069	true	greaterEqual
r_0068	true	greaterEqual
r_0061	true	greaterEqual
r_0060	true	reversible
r_0063	true	greaterEqual
r_0062	true	greaterEqual
r_0065	true	greaterEqual
r_0064	true	greaterEqual
r_0067	true	greaterEqual
r_0066	true	greaterEqual
r_3815	true	reversible
r_3814	true	reversible
r_3817	true	reversible
r_3816	true	reversible
r_3811	true	reversible
r_3810	true	reversible
r_3813	true	reversible
r_3812	true	reversible
r_3819	true	reversible
r_3818	true	reversible
r_3261	true	greaterEqual
r_2928	true	reversible
r_0115	true	greaterEqual
r_0114	true	greaterEqual
r_0117	true	reversible
r_0116	true	greaterEqual
r_0111	true	greaterEqual
r_0113	true	greaterEqual
r_0112	true	greaterEqual
r_0119	true	greaterEqual
r_0118	true	greaterEqual
r_2929	true	reversible
r_3796	true	reversible
r_4008	true	greaterEqual
r_2108	false	greaterEqual
r_2458	true	greaterEqual
r_2459	true	greaterEqual
r_2456	true	greaterEqual
r_2457	true	greaterEqual
r_2454	true	greaterEqual
r_2455	true	greaterEqual
r_2452	true	greaterEqual
r_2453	true	greaterEqual
r_2102	true	greaterEqual
r_2103	true	greaterEqual
r_2834	true	greaterEqual
r_1080	true	greaterEqual
r_1081	true	greaterEqual
r_1082	true	greaterEqual
r_1083	true	greaterEqual
r_1084	true	reversible
r_1085	true	greaterEqual
r_1086	true	greaterEqual
r_1087	true	reversible
r_1736	true	greaterEqual
r_1737	true	reversible
r_1734	true	greaterEqual
r_1735	true	greaterEqual
r_1732	true	greaterEqual
r_1733	true	greaterEqual
r_1730	true	greaterEqual
r_1731	true	greaterEqual
r_2851	true	greaterEqual
r_2856	true	greaterEqual
r_2857	true	greaterEqual
r_2429	true	greaterEqual
r_2428	true	greaterEqual
r_2854	true	greaterEqual
r_2423	true	greaterEqual
r_2422	true	greaterEqual
r_2421	true	greaterEqual
r_2420	true	greaterEqual
r_2427	true	greaterEqual
r_2426	true	greaterEqual
r_2425	true	greaterEqual
r_2424	true	greaterEqual
r_2993	true	reversible
r_2992	true	reversible
r_2991	true	reversible
r_2193	true	greaterEqual
r_1889	true	greaterEqual
r_2191	true	reversible
r_2190	true	reversible
r_2197	true	reversible
r_2196	true	reversible
r_2195	true	reversible
r_2194	true	reversible
r_1552	true	greaterEqual
r_1553	true	greaterEqual
r_1550	true	greaterEqual
r_1551	true	greaterEqual
r_1884	true	reversible
r_1885	true	reversible
r_1554	true	greaterEqual
r_1887	true	reversible
r_3568	true	reversible
r_2995	true	reversible
r_2409	true	greaterEqual
r_2517	true	greaterEqual
r_2516	true	greaterEqual
r_2515	true	greaterEqual
r_2514	true	greaterEqual
r_2513	true	greaterEqual
r_2512	true	greaterEqual
r_2511	true	greaterEqual
r_2510	true	greaterEqual
r_3291	true	greaterEqual
r_2519	true	greaterEqual
r_2518	true	greaterEqual
r_2999	true	reversible
r_2998	true	reversible
r_3913	true	reversible
r_2779	true	reversible
r_2778	true	reversible
r_2777	true	reversible
r_2776	true	reversible
r_2775	true	reversible
r_2774	true	reversible
r_2773	true	reversible
r_2772	true	reversible
r_2771	true	reversible
r_2770	true	reversible
r_2183	true	greaterEqual
r_1952	true	greaterEqual
r_2289	true	greaterEqual
r_2288	true	greaterEqual
r_2287	true	greaterEqual
r_2286	true	greaterEqual
r_2285	true	greaterEqual
r_2284	true	greaterEqual
r_2283	true	greaterEqual
r_2282	true	greaterEqual
r_2281	true	greaterEqual
r_2280	true	greaterEqual
r_2351	true	greaterEqual
r_2350	true	greaterEqual
r_2353	true	greaterEqual
r_2352	true	greaterEqual
r_2355	true	greaterEqual
r_2354	true	greaterEqual
r_2357	true	greaterEqual
r_2356	true	greaterEqual
r_2359	true	greaterEqual
r_2358	true	greaterEqual
r_2609	true	greaterEqual
r_2608	true	greaterEqual
r_3774	true	reversible
r_3775	true	reversible
r_3776	true	reversible
r_3777	true	reversible
r_3550	true	reversible
r_3551	true	reversible
r_3552	true	reversible
r_3553	true	reversible
r_3554	true	reversible
r_3555	true	reversible
r_3008	true	reversible
r_3009	true	reversible
r_3006	true	reversible
r_3007	true	reversible
r_3004	true	reversible
r_3005	true	reversible
r_3002	true	reversible
r_3003	true	reversible
r_3000	true	reversible
r_3001	true	reversible
r_3165	true	greaterEqual
r_3672	true	reversible
r_3482	true	greaterEqual
r_3483	true	greaterEqual
r_3480	true	greaterEqual
r_3481	true	greaterEqual
r_3486	true	greaterEqual
r_3487	true	greaterEqual
r_3484	true	greaterEqual
r_3485	true	greaterEqual
r_3749	true	reversible
r_3488	true	greaterEqual
r_3489	true	greaterEqual
r_3172	true	greaterEqual
r_3173	true	greaterEqual
r_3170	true	greaterEqual
r_3171	true	greaterEqual
r_3176	true	greaterEqual
r_3177	true	greaterEqual
r_3174	true	greaterEqual
r_3175	true	greaterEqual
r_3178	true	greaterEqual
r_3179	true	greaterEqual
r_0478	true	greaterEqual
r_0479	true	greaterEqual
r_0476	true	greaterEqual
r_0477	true	greaterEqual
r_0475	true	greaterEqual
r_0472	true	greaterEqual
r_0473	true	greaterEqual
r_0470	true	reversible
r_0471	true	greaterEqual
r_2975	true	reversible
r_2603	true	greaterEqual
r_2977	true	reversible
r_2976	true	reversible
r_2971	true	reversible
r_2970	true	reversible
r_2973	true	reversible
r_2602	true	greaterEqual
r_2979	true	reversible
r_2601	true	greaterEqual
r_2600	true	greaterEqual
r_3398	true	greaterEqual
r_3399	true	greaterEqual
r_3396	true	greaterEqual
r_2607	true	greaterEqual
r_3394	true	greaterEqual
r_3395	true	greaterEqual
r_3392	true	greaterEqual
r_3393	true	greaterEqual
r_3390	true	greaterEqual
r_2606	true	greaterEqual
r_0618	true	greaterEqual
r_0619	true	greaterEqual
r_2605	true	greaterEqual
r_0612	true	greaterEqual
r_0613	true	greaterEqual
r_0610	true	greaterEqual
r_0611	true	greaterEqual
r_0616	true	greaterEqual
r_0617	true	greaterEqual
r_0614	true	greaterEqual
r_0615	true	greaterEqual
r_3954	true	reversible
r_3770	true	reversible
r_3956	true	reversible
r_3957	true	reversible
r_3950	true	reversible
r_3951	true	reversible
r_3952	true	reversible
r_3771	true	reversible
r_4010	true	greaterEqual
r_3299	true	greaterEqual
r_3958	true	reversible
r_3772	true	reversible
r_4011	true	greaterEqual
r_2866	true	greaterEqual
r_2151	true	greaterEqual
r_0278	true	greaterEqual
r_0279	true	greaterEqual
r_0908	true	greaterEqual
r_0909	true	greaterEqual
r_0274	true	greaterEqual
r_0907	true	reversible
r_0904	true	greaterEqual
r_0905	true	greaterEqual
r_0902	true	reversible
r_0271	true	greaterEqual
r_0272	true	greaterEqual
r_0273	true	greaterEqual
r_0726	true	greaterEqual
r_0727	true	greaterEqual
r_0724	true	reversible
r_0057	true	greaterEqual
r_0722	true	greaterEqual
r_0723	true	reversible
r_0721	true	reversible
r_4018	true	greaterEqual
r_0058	true	greaterEqual
r_0059	true	greaterEqual
r_0728	true	greaterEqual
r_0729	true	greaterEqual
r_0296	true	greaterEqual
r_0297	true	greaterEqual
r_0294	true	reversible
r_0295	true	reversible
r_0292	true	greaterEqual
r_0293	true	greaterEqual
r_0290	true	greaterEqual
r_0291	true	greaterEqual
r_0298	true	greaterEqual
r_0299	true	greaterEqual
r_3820	true	reversible
r_3821	true	reversible
r_3822	true	reversible
r_3823	true	reversible
r_3824	true	reversible
r_3556	true	reversible
r_3826	true	reversible
r_3827	true	reversible
r_3828	true	reversible
r_3829	true	reversible
r_3557	true	reversible
r_3558	true	reversible
r_3559	true	reversible
r_0120	true	greaterEqual
r_0121	true	greaterEqual
r_0122	true	greaterEqual
r_0123	true	greaterEqual
r_0124	true	greaterEqual
r_0125	true	greaterEqual
r_0126	true	reversible
r_0127	true	reversible
r_0128	true	reversible
r_0129	true	reversible
r_3920	true	reversible
r_3922	true	reversible
r_2990	true	reversible
r_2997	true	reversible
r_3971	true	greaterEqual
r_1729	true	reversible
r_1728	true	greaterEqual
r_1099	true	greaterEqual
r_1098	true	greaterEqual
r_1097	true	reversible
r_1096	true	reversible
r_1095	true	reversible
r_1726	true	reversible
r_1721	true	reversible
r_1720	true	reversible
r_1723	true	greaterEqual
r_1090	true	greaterEqual
r_2996	true	reversible
r_2868	true	greaterEqual
r_3229	true	greaterEqual
r_1549	true	greaterEqual
r_1548	true	greaterEqual
r_2168	true	reversible
r_2169	true	reversible
r_2166	true	greaterEqual
r_2167	true	greaterEqual
r_1543	true	reversible
r_1542	true	greaterEqual
r_1545	true	greaterEqual
r_2163	true	greaterEqual
r_1547	true	greaterEqual
r_1546	true	greaterEqual
r_2994	true	reversible
r_2562	true	greaterEqual
r_2563	true	greaterEqual
r_2560	true	greaterEqual
r_2561	true	greaterEqual
r_2566	true	greaterEqual
r_2567	true	greaterEqual
r_2564	true	greaterEqual
r_2565	true	greaterEqual
r_2568	true	greaterEqual
r_2569	true	greaterEqual
r_3699	true	reversible
r_2708	true	reversible
r_2709	true	reversible
r_2702	true	reversible
r_2703	true	reversible
r_2700	true	reversible
r_2701	true	reversible
r_2706	true	reversible
r_2707	true	reversible
r_2704	true	reversible
r_2705	true	reversible
r_1945	true	reversible
r_1944	true	reversible
r_1947	true	greaterEqual
r_1946	true	reversible
r_1941	true	reversible
r_1940	true	reversible
r_1943	true	reversible
r_1942	true	reversible
r_3767	true	reversible
r_3766	true	reversible
r_3765	true	reversible
r_3070	true	greaterEqual
r_3763	true	reversible
r_3762	true	reversible
r_3761	true	reversible
r_3760	true	reversible
r_3769	true	reversible
r_3076	true	greaterEqual
r_1897	true	greaterEqual
r_1896	true	greaterEqual
r_1895	true	reversible
r_1893	true	greaterEqual
r_1892	true	reversible
r_1891	true	greaterEqual
r_1890	true	reversible
r_2364	true	greaterEqual
r_2365	true	greaterEqual
r_2366	true	greaterEqual
r_2367	true	greaterEqual
r_2360	true	greaterEqual
r_2361	true	greaterEqual
r_1899	true	greaterEqual
r_1898	true	greaterEqual
r_3549	true	reversible
r_3548	true	reversible
r_3547	true	reversible
r_3546	true	reversible
r_3545	true	reversible
r_3544	true	reversible
r_3011	true	reversible
r_3010	true	reversible
r_3541	true	reversible
r_3540	true	reversible
r_2386	true	greaterEqual
r_2387	true	greaterEqual
r_2384	true	greaterEqual
r_2385	true	greaterEqual
r_2382	true	greaterEqual
r_2383	true	greaterEqual
r_2380	true	greaterEqual
r_2381	true	greaterEqual
r_2388	true	greaterEqual
r_2389	true	greaterEqual
r_3491	true	greaterEqual
r_3490	true	greaterEqual
r_3493	true	greaterEqual
r_2953	true	reversible
r_3495	true	greaterEqual
r_3494	true	greaterEqual
r_3497	true	greaterEqual
r_3496	true	greaterEqual
r_3499	true	greaterEqual
r_3498	true	greaterEqual
r_3161	true	greaterEqual
r_3160	true	greaterEqual
r_3163	true	greaterEqual
r_3162	true	greaterEqual
r_2861	true	greaterEqual
r_3164	true	greaterEqual
r_3167	true	greaterEqual
r_3166	true	greaterEqual
r_3169	true	greaterEqual
r_3168	true	greaterEqual
r_0469	true	greaterEqual
r_0468	true	greaterEqual
r_0465	true	greaterEqual
r_0464	true	greaterEqual
r_0467	true	reversible
r_0466	true	greaterEqual
r_0461	true	greaterEqual
r_0460	true	greaterEqual
r_0463	true	greaterEqual
r_0462	true	greaterEqual
r_2860	true	greaterEqual
r_2951	true	reversible
r_2940	true	reversible
r_2941	true	reversible
r_2942	true	reversible
r_2943	true	reversible
r_2944	true	reversible
r_2945	true	reversible
r_2946	true	reversible
r_2947	true	reversible
r_2948	true	reversible
r_2949	true	reversible
r_2867	true	greaterEqual
r_3096	true	greaterEqual
r_3389	true	greaterEqual
r_3388	true	greaterEqual
r_3834	true	reversible
r_3385	true	greaterEqual
r_3384	true	greaterEqual
r_3387	true	greaterEqual
r_3386	true	greaterEqual
r_3381	true	greaterEqual
r_3380	true	greaterEqual
r_3383	true	greaterEqual
r_3382	true	greaterEqual
r_0609	true	greaterEqual
r_0608	true	greaterEqual
r_2628	true	reversible
r_0601	true	greaterEqual
r_0600	true	greaterEqual
r_0603	true	greaterEqual
r_0602	true	greaterEqual
r_0605	true	greaterEqual
r_0604	true	greaterEqual
r_0607	true	greaterEqual
r_0606	true	greaterEqual
r_0599	true	greaterEqual
r_0598	true	greaterEqual
r_3941	true	reversible
r_3940	true	greaterEqual
r_3947	true	reversible
r_3946	true	reversible
r_3945	true	reversible
r_3944	true	reversible
r_3949	true	reversible
r_3948	true	reversible
r_0597	true	greaterEqual
r_0596	true	greaterEqual
r_2586	true	greaterEqual
r_2587	true	greaterEqual
r_2865	true	greaterEqual
r_2588	true	greaterEqual
r_0269	true	greaterEqual
r_0268	true	greaterEqual
r_0919	true	greaterEqual
r_0918	true	greaterEqual
r_3537	true	reversible
r_2589	true	greaterEqual
r_0915	true	greaterEqual
r_0914	true	greaterEqual
r_0261	true	greaterEqual
r_0260	true	greaterEqual
r_0911	true	greaterEqual
r_0910	true	greaterEqual
r_0913	true	greaterEqual
r_0912	true	reversible
r_0735	true	greaterEqual
r_0734	true	greaterEqual
r_0737	true	greaterEqual
r_0736	true	greaterEqual
r_0731	true	greaterEqual
r_0730	true	greaterEqual
r_0733	true	reversible
r_0732	true	reversible
r_2864	true	greaterEqual
r_0739	true	greaterEqual
r_0738	true	greaterEqual
r_0285	true	greaterEqual
r_0284	true	greaterEqual
r_0287	true	greaterEqual
r_0286	true	greaterEqual
r_0281	true	greaterEqual
r_0280	true	reversible
r_0283	true	greaterEqual
r_0282	true	greaterEqual
r_0289	true	greaterEqual
r_0288	true	greaterEqual
r_3279	true	greaterEqual
r_3839	true	reversible
r_3838	true	reversible
r_3837	true	reversible
r_3836	true	reversible
r_3835	true	reversible
r_2972	true	reversible
r_3833	true	reversible
r_3832	true	reversible
r_3831	true	reversible
r_3830	true	reversible
r_3202	true	greaterEqual
r_2978	true	reversible
r_0139	true	greaterEqual
r_0138	true	greaterEqual
r_0137	true	reversible
r_0135	true	reversible
r_0134	true	reversible
r_0133	true	reversible
r_0132	true	reversible
r_0131	true	reversible
r_0130	true	reversible
r_2984	true	reversible
r_2985	true	reversible
r_3397	true	greaterEqual
r_3391	true	greaterEqual
r_1718	true	greaterEqual
r_1719	true	reversible
r_1710	true	greaterEqual
r_1711	true	greaterEqual
r_1712	true	greaterEqual
r_1713	true	reversible
r_1714	true	greaterEqual
r_1715	true	greaterEqual
r_1716	true	greaterEqual
r_1717	true	reversible
r_2521	true	greaterEqual
r_1992	true	reversible
r_1993	true	greaterEqual
r_1990	true	greaterEqual
r_1991	true	reversible
r_1996	true	reversible
r_1151	true	greaterEqual
r_2179	true	greaterEqual
r_1994	true	greaterEqual
r_1370	false	greaterEqual
r_1371	false	greaterEqual
r_2175	true	greaterEqual
r_2174	true	reversible
r_2177	true	greaterEqual
r_1995	true	reversible
r_2171	true	reversible
r_2170	true	reversible
r_2173	true	reversible
r_2172	true	reversible
r_2535	true	greaterEqual
r_2534	true	greaterEqual
r_2241	true	greaterEqual
r_2571	true	greaterEqual
r_2570	true	greaterEqual
r_2573	true	greaterEqual
r_2129	true	equal
r_2575	true	greaterEqual
r_2574	true	greaterEqual
r_2577	true	greaterEqual
r_2576	true	greaterEqual
r_2579	true	greaterEqual
r_2247	true	greaterEqual
r_2246	true	greaterEqual
r_2533	true	greaterEqual
r_2532	true	greaterEqual
r_3898	true	reversible
r_2719	true	reversible
r_2718	true	reversible
r_2754	true	reversible
r_2711	true	reversible
r_2710	true	reversible
r_2713	true	reversible
r_2712	true	reversible
r_2715	true	reversible
r_2714	true	reversible
r_2717	true	reversible
r_2716	true	reversible
r_1970	true	reversible
r_1971	true	reversible
r_1972	true	greaterEqual
r_1974	true	greaterEqual
r_1975	true	greaterEqual
r_1976	true	greaterEqual
r_1977	true	reversible
r_1978	true	reversible
r_1979	true	reversible
r_3712	true	reversible
r_3713	true	reversible
r_3710	true	reversible
r_3711	true	reversible
r_3716	true	reversible
r_3717	true	reversible
r_3714	true	reversible
r_3715	true	reversible
r_3891	true	reversible
r_3718	true	reversible
r_2752	true	reversible
r_2629	true	reversible
r_3959	true	reversible
r_1574	true	reversible
r_1575	true	reversible
r_1576	true	reversible
r_1577	true	greaterEqual
r_1572	true	greaterEqual
r_1573	true	reversible
r_2373	true	greaterEqual
r_2372	true	greaterEqual
r_2371	true	greaterEqual
r_2370	true	greaterEqual
r_1578	true	reversible
r_1579	true	reversible
r_2375	true	greaterEqual
r_2374	true	greaterEqual
r_2005	true	reversible
r_2004	true	greaterEqual
r_3538	true	reversible
r_3298	true	greaterEqual
r_2001	true	greaterEqual
r_2000	true	greaterEqual
r_2003	true	reversible
r_2002	true	reversible
r_3532	true	reversible
r_3114	true	greaterEqual
r_3022	true	greaterEqual
r_3023	true	greaterEqual
r_3024	true	greaterEqual
r_2008	true	reversible
r_3026	true	greaterEqual
r_2758	true	reversible
r_2395	true	greaterEqual
r_2394	true	greaterEqual
r_2397	true	greaterEqual
r_2396	true	greaterEqual
r_2391	true	greaterEqual
r_2390	true	greaterEqual
r_2393	true	greaterEqual
r_2392	true	greaterEqual
r_2399	true	greaterEqual
r_2398	true	greaterEqual
r_2838	true	greaterEqual
r_2839	true	greaterEqual
r_3158	true	greaterEqual
r_3159	true	greaterEqual
r_3628	true	reversible
r_3629	true	reversible
r_3154	true	greaterEqual
r_3155	true	greaterEqual
r_3156	true	greaterEqual
r_3157	true	greaterEqual
r_3150	true	greaterEqual
r_3151	true	greaterEqual
r_3152	true	greaterEqual
r_3153	true	greaterEqual
r_0458	true	greaterEqual
r_0459	true	greaterEqual
r_3444	true	greaterEqual
r_3445	true	greaterEqual
r_3442	true	greaterEqual
r_3443	true	greaterEqual
r_3440	true	greaterEqual
r_3441	true	greaterEqual
r_0450	true	reversible
r_0451	true	reversible
r_0452	true	reversible
r_0453	true	greaterEqual
r_0454	true	reversible
r_0455	true	reversible
r_3448	true	greaterEqual
r_0457	true	greaterEqual
r_2959	true	reversible
r_2958	true	reversible
r_0854	true	greaterEqual
r_0855	true	greaterEqual
r_2955	true	reversible
r_2954	true	reversible
r_0850	true	greaterEqual
r_0851	true	reversible
r_0852	true	greaterEqual
r_0853	true	greaterEqual
r_2877	true	greaterEqual
r_3616	true	reversible
r_0906	true	greaterEqual
r_2870	true	greaterEqual
r_3599	true	reversible
r_0270	true	greaterEqual
r_0903	true	greaterEqual
r_0929	true	greaterEqual
r_0920	true	greaterEqual
r_0921	true	greaterEqual
r_0922	true	greaterEqual
r_2871	true	greaterEqual
r_0700	true	reversible
r_0701	true	greaterEqual
r_0702	true	greaterEqual
r_0703	true	reversible
r_0704	true	reversible
r_0705	true	reversible
r_0706	true	reversible
r_0707	true	reversible
r_0708	true	reversible
r_3591	true	reversible
r_0725	true	reversible
r_3618	true	reversible
r_2621	true	reversible
r_3848	true	reversible
r_3849	true	reversible
r_2336	true	greaterEqual
r_3842	true	reversible
r_3843	true	reversible
r_3840	true	reversible
r_3841	true	reversible
r_3846	true	reversible
r_3847	true	reversible
r_3844	true	reversible
r_3845	true	reversible
r_0634	true	greaterEqual
r_0635	true	greaterEqual
r_0636	true	greaterEqual
r_0637	true	greaterEqual
r_0630	true	greaterEqual
r_0631	true	greaterEqual
r_0632	true	greaterEqual
r_0633	true	greaterEqual
r_3208	true	greaterEqual
r_0638	true	greaterEqual
r_0639	true	greaterEqual
r_3209	true	greaterEqual
r_3758	true	reversible
r_2330	true	greaterEqual
r_3756	true	reversible
r_0148	true	greaterEqual
r_0149	true	greaterEqual
r_3757	true	reversible
r_0142	true	greaterEqual
r_0143	true	greaterEqual
r_0140	true	greaterEqual
r_0141	true	greaterEqual
r_0146	true	reversible
r_0147	true	greaterEqual
r_0144	true	greaterEqual
r_0145	true	greaterEqual
r_3755	true	reversible
r_3752	true	reversible
r_3201	true	greaterEqual
r_2339	true	greaterEqual
r_3203	true	greaterEqual
r_3575	true	reversible
r_2974	true	reversible
r_3476	true	greaterEqual
r_3472	true	greaterEqual
r_3579	true	reversible
r_3825	true	reversible
r_3750	true	reversible
r_2614	true	greaterEqual
r_1149	true	reversible
r_1148	true	reversible
r_1147	true	reversible
r_1146	true	reversible
r_2901	true	reversible
